3;addys
13;aloma
14;alvina
28;arda
31;augusta
33;averil
34;avis
35;aviva
38;becki
53;carmelita
63;celinda
66;charisse
77;claribel
85;cristalyn
91;danna
123;esty
134;galenka
139;georgiana
147;gwenda
148;gwendolen
149;gwendoline
161;hero
164;hodierna
204;katja
220;leisha
222;lenna
223;lettice
226;lilla
256;marta
259;maud
265;medea
267;mehitable
271;merrelyn
275;minna
283;naila
285;narcissa
302;persis
309;reba
313;richeldis
324;satyana
346;thurza
356;vicary
358;vilma
371;absalom
374;adel
389;barnabe
396;bramwell
397;bubba
398;bubby
401;cardew
405;chet
411;coloman
418;davy
420;dickon
421;dobie
426;ebenezer
446;gorden
455;hervey
464;jaime
474;joey
476;jolyon
483;kenyatta
485;kim
487;lanny
490;lawton
515;nowell
516;osbert
524;peleg
527;phillipps
544;rowland
550;shahaf
554;swaine
556;taran
565;tracy
571;vivian
574;whitney
578;zadoc
579;aaliyah
580;aaron
581;aarushi
582;abagail
583;abbey
584;abbi
585;abbie
586;abby
587;abdul
588;abdullah
589;abe
590;abel
591;abi
592;abia
593;abigail
594;abraham
595;abram
596;abree
597;abrianna
598;abriel
599;abrielle
600;aby
601;acacia
602;ace
603;ada
604;adair
605;adalia
606;adaline
607;adalyn
608;adam
609;adan
610;addie
611;addilyn
612;addison
613;addison
614;ade
615;adelaide
616;adele
617;adelene
618;adelia
619;adelina
620;adeline
621;adelynn
622;aden
623;adnan
624;adon
625;adonis
626;adora
627;adreanna
628;adrian
629;adriana
630;adrianna
631;adrianne
632;adriel
633;adrienne
634;ady
635;aerona
636;aeryn
637;agatha
638;aggie
639;agnes
640;ahmad
641;ahmed
642;aida
643;aidan
644;aiden
645;aileen
646;ailsa
647;aimee
648;aine
649;ainsleigh
651;ainsley
652;aisha
653;aislin
654;aisling
655;aislinn
656;aislynn
657;ajay
658;al
659;alain
660;alaina
661;alan
662;alana
663;alanis
664;alanna
665;alannah
666;alaric
667;alaska
668;alastair
669;alayah
670;alayna
671;alba
673;albany
674;albert
675;alberta
676;albertina
677;alberto
678;albie
679;albus
680;alden
681;aldo
682;aldric
683;aldrich
684;aldrin
685;aleah
686;alec
687;alecia
688;aled
689;aleisha
690;alejandra
691;alejandro
692;alen
693;alena
694;alesandro
695;alessandra
696;alessia
698;alex
699;alexa
700;alexander
701;alexandra
702;alexandria
703;alexia
705;alexis
706;alexus
707;alfie
708;alfonse
709;alfonso
710;alfred
711;alfredo
713;ali
714;alia
715;aliana
716;alice
717;alicia
718;alina
719;alisa
720;alisha
721;alison
722;alissa
723;alistair
724;alivia
725;aliyah
726;aliza
727;alize
728;alka
729;allan
730;allen
731;allie
732;allison
733;ally
734;allyson
735;alma
736;alois
737;alondra
738;alonzo
739;aloysius
740;alphonso
741;alton
742;alvin
743;alya
744;alycia
745;alyshialynn
746;alyson
747;alyssa
748;alysse
749;alyssia
750;amalia
751;amanda
752;amandine
753;amani
754;amara
756;amari
757;amaris
758;amaryllis
759;amaya
760;amber
761;amberly
762;amberlyn
763;ambrose
764;amelia
765;amelie
766;america
767;amethyst
768;ami
769;amie
770;amily
771;amina
772;amir
773;amirah
774;amit
775;amity
776;amos
777;amy
778;amya
779;ana
780;anabel
781;anabelle
782;anahi
783;anais
784;anamaria
785;anand
786;ananya
787;anastasia
788;anderson
789;andie
790;andre
791;andrea
792;andreas
793;andres
794;andrew
795;andromeda
796;andy
797;anemone
798;angel
799;angel
800;angela
801;angelia
802;angelica
803;angelina
804;angeline
805;angelique
806;angelo
807;angie
808;angus
809;anika
810;anisa
811;anissa
812;anita
813;aniya
814;aniyah
815;anjali
816;ann
817;anna
818;annabel
819;annabella
820;annabelle
821;annabeth
822;annalisa
823;annalise
824;annamaria
825;anne
826;anneke
827;annemarie
828;annette
829;annie
830;annika
831;annmarie
832;anoushka
833;ansel
834;anson
835;anthea
836;anthony
837;antoinette
838;anton
839;antonia
840;antonio
841;antony
842;anuja
843;anusha
844;anushka
845;anwen
846;anya
847;aoibhe
848;aoibheann
849;aoife
850;aphrodite
851;apollo
852;apple
853;april
854;aqua
855;arabella
856;arabelle
857;aran
858;archer
859;archibald
860;archie
861;arden
862;aretha
863;ari
864;aria
865;ariadne
866;ariana
867;ariane
868;arianna
869;arianne
870;ariel
871;ariella
872;arielle
873;arin
874;arisha
875;arjun
876;arleen
877;arlen
878;arlene
879;arlette
880;arlo
881;arman
882;armando
883;arnie
884;arnold
885;aron
886;arran
887;arrie
888;art
889;artemis
890;arthur
891;arturo
892;arun
893;arwen
894;arwin
895;arya
896;asa
897;asad
898;ash
899;asha
900;ashanti
901;ashby
902;ashe
903;asher
904;ashia
905;ashlee
906;ashleigh
908;ashley
909;ashlie
910;ashlyn
911;ashlynn
913;ashton
914;ashtyn
915;ashvini
916;ashwin
917;asia
918;asma
920;aspen
921;aster
922;aston
923;astoria
924;astra
925;astrid
926;aswin
927;athalia
928;athan
929;athena
930;athene
931;atlanta
932;atticus
933;aubreanna
934;aubree
935;aubrey
936;aubrey
937;aubriana
938;aubrielle
939;auden
940;audra
941;audrey
942;audriana
943;audric
944;audrina
945;audwin
946;august
947;augustina
948;augustine
949;augustus
950;aura
951;aurelia
952;aurora
953;austen
954;austin
955;autumn
956;ava
957;avaline
958;avalon
959;aven
961;avery
962;avia
963;avon
964;avriella
965;avril
966;axel
967;axton
968;aya
969;ayaan
970;ayana
971;ayanna
972;ayden
973;ayesha
974;ayisha
975;ayla
976;ayrton
977;azalea
978;azaria
979;azariah
981;bailey
982;barack
983;barbara
984;barbie
985;barclay
986;barnaby
987;barney
988;barrett
989;barron
990;barry
991;bart
992;bartholomew
993;basil
994;bastian
995;baxter
997;bay
998;baylee
999;baylor
1000;bea
1001;bear
1002;beatrice
1003;beatrix
1004;beau
1005;beauregard
1006;becca
1007;beccy
1008;beck
1009;beckett
1010;becky
1011;belinda
1012;bella
1013;bellamy
1014;bellatrix
1015;belle
1016;ben
1017;benedict
1018;benita
1019;benjamin
1020;benji
1021;benjy
1022;bennett
1023;bennie
1024;benny
1025;benson
1026;bentley
1027;bently
1028;benton
1029;berenice
1030;bernadette
1031;bernard
1032;bernardo
1033;bernice
1034;bernie
1035;bert
1036;bertha
1037;bertie
1038;bertram
1039;beryl
1040;bess
1041;bessie
1042;beth
1043;bethan
1044;bethanie
1045;bethany
1046;betsy
1047;bettina
1048;betty
1050;bev
1051;bevan
1052;beverly
1053;bevin
1054;bevis
1055;beyonce
1056;bianca
1057;bill
1058;billie
1059;billy
1060;birchard
1061;bjorn
1062;bladen
1063;blain
1064;blaine
1066;blair
1067;blaire
1068;blaise
1069;blake
1070;blake
1071;blakely
1072;blanche
1073;blane
1075;blaze
1076;blessing
1077;bliss
1078;bloom
1079;blossom
1080;blue
1081;blythe
1082;bob
1083;bobbi
1084;bobbie
1086;bobby
1087;bodie
1088;bogdan
1089;bonita
1090;bonnie
1091;bonquesha
1092;booker
1093;boris
1094;boston
1095;bowen
1096;boyd
1097;brad
1098;braden
1099;bradford
1100;bradley
1101;bradwin
1102;brady
1103;braeden
1104;braelyn
1105;braiden
1106;bram
1107;branden
1108;brandi
1109;brandon
1110;brandy
1111;branson
1112;brantley
1113;brax
1114;braxton
1115;bray
1116;brayan
1117;brayden
1118;braydon
1119;braylee
1120;braylen
1121;braylon
1122;brayson
1123;brea
1124;breanna
1125;breck
1126;breckin
1127;bree
1128;breeze
1129;brenda
1130;brendan
1131;brenden
1132;brendon
1133;brenna
1134;brennan
1135;brennon
1136;brent
1137;brentley
1138;brenton
1139;bret
1140;brett
1141;brevin
1142;brevyn
1143;bria
1144;brian
1145;briana
1146;brianna
1147;brianne
1148;briar
1149;brice
1150;bridget
1151;bridgette
1153;bridie
1155;brie
1156;briella
1157;brielle
1158;brig
1159;brighton
1160;brigid
1161;brigitte
1162;briley
1164;brinley
1165;briony
1166;brisa
1167;bristol
1168;britney
1169;britt
1170;brittany
1171;brittney
1172;brock
1173;brod
1174;broden
1175;broderick
1177;brodie
1178;brody
1180;brogan
1181;bronagh
1182;bronson
1183;bronte
1184;bronwen
1185;bronwyn
1187;brook
1189;brooke
1191;brooklyn
1192;brooklynn
1193;brooks
1194;bruce
1195;bruno
1196;bryan
1197;bryanna
1198;bryant
1199;bryce
1200;bryden
1201;brydon
1202;brylee
1203;bryleigh
1204;bryler
1206;bryn
1207;brynlee
1208;brynn
1209;bryon
1210;bryony
1211;bryson
1212;bryton
1213;buck
1214;buddy
1215;bunny
1216;bunty
1217;burt
1218;burton
1219;buster
1220;butch
1221;byron
1222;cadby
1223;cade
1224;caden
1225;cadence
1226;cael
1227;caelan
1228;caesar
1229;cai
1230;caiden
1231;caila
1232;cailin
1233;cailyn
1234;cain
1235;caitlan
1236;caitlin
1237;caitlyn
1238;caius
1239;cal
1240;cale
1241;caleb
1242;caleigh
1243;calhoun
1244;cali
1245;calista
1246;callan
1247;callen
1248;callie
1249;calliope
1250;callista
1251;callum
1252;calum
1253;calvin
1254;calypso
1255;cam
1256;cambree
1257;cambria
1259;camden
1260;camelia
1262;cameron
1263;cami
1264;camila
1265;camilla
1266;camille
1268;campbell
1269;camron
1270;camry
1271;camryn
1272;candace
1273;candice
1274;candis
1275;candy
1276;cane
1277;caoimhe
1278;caolan
1279;caprice
1280;cara
1281;careen
1282;carenza
1283;carey
1284;carin
1285;carina
1286;caris
1287;carissa
1288;carl
1289;carla
1290;carlene
1291;carley
1292;carlie
1293;carlisle
1294;carlos
1295;carlotta
1296;carlton
1297;carly
1298;carlyn
1299;carlynn
1300;carmel
1301;carmela
1302;carmen
1303;carol
1304;carole
1305;carolina
1306;caroline
1307;carolyn
1308;carrie
1309;carsen
1310;carson
1311;carsten
1313;carter
1314;cary
1315;carys
1317;casey
1318;cash
1319;cason
1320;casper
1321;caspian
1322;cassandra
1323;cassi
1324;cassia
1325;cassidy
1326;cassie
1327;cassiopeia
1328;cassius
1329;castiel
1330;castor
1331;cat
1332;catalina
1333;catarina
1334;cate
1335;catelyn
1336;caterina
1337;cathal
1338;cathalina
1339;catherine
1340;cathleen
1341;cathryn
1342;cathy
1343;catlin
1344;cato
1345;catrina
1346;catriona
1347;cavan
1348;cayden
1349;caydon
1350;cayla
1351;cayleigh
1352;cayson
1353;ceanna
1354;cece
1355;cecelia
1356;cecil
1357;cecile
1358;cecilia
1359;cecily
1360;cedric
1361;celeste
1362;celestia
1363;celestine
1364;celia
1365;celina
1366;celine
1367;celise
1368;ceri
1369;cerise
1370;cerys
1371;cesar
1372;chad
1373;chadwick
1374;chance
1375;chandler
1376;chanel
1377;chanelle
1378;channing
1379;chantal
1380;chantel
1381;chantelle
1382;charis
1383;charissa
1384;charity
1385;charla
1386;charleigh
1387;charlene
1388;charles
1389;charlette
1391;charley
1393;charlie
1394;charlize
1395;charlotte
1396;charlton
1397;charmaine
1398;chas
1399;chase
1400;chastity
1401;chauncey
1402;chayton
1403;chaz
1404;che
1405;chelsea
1406;chelsey
1407;chenai
1408;chenille
1409;cher
1410;cheri
1411;cherie
1412;cherish
1413;cherry
1414;cheryl
1415;chesney
1416;chester
1417;chevy
1418;cheyanne
1419;cheyenne
1420;chiara
1421;chip
1422;chloe
1423;chole
1425;chris
1426;chrissy
1427;christa
1428;christabel
1429;christal
1430;christelle
1431;christen
1432;christi
1433;christian
1434;christiana
1435;christiane
1436;christie
1437;christina
1438;christine
1439;christopher
1440;christy
1441;chrysanthemum
1442;chrystal
1443;chuck
1444;chyanne
1445;cia
1446;cian
1447;ciara
1448;ciaran
1449;cicely
1450;cici
1451;ciel
1452;cierra
1453;cilla
1454;cillian
1455;cindy
1456;clair
1457;claire
1458;clancy
1459;clara
1460;clarabelle
1461;clare
1462;clarence
1463;clarice
1464;claris
1465;clarissa
1466;clarisse
1467;clarity
1468;clark
1469;clary
1470;claude
1471;claudette
1472;claudia
1473;claudine
1474;clay
1475;clayton
1476;clea
1477;clemence
1478;clement
1479;clementine
1480;cleo
1481;cleopatra
1482;cletus
1483;cliff
1484;clifford
1485;clifton
1486;clint
1487;clinton
1488;clive
1489;clodagh
1490;cloe
1491;clotilde
1492;clover
1493;clovis
1494;clyde
1495;coby
1496;coco
1497;cody
1498;cohen
1499;colby
1500;cole
1501;coleen
1502;colette
1503;colin
1504;colleen
1505;collin
1506;colm
1507;colt
1508;colten
1509;colton
1510;conan
1511;conlan
1512;conner
1513;connie
1514;connor
1515;conor
1516;conrad
1517;constance
1518;constantine
1519;cooper
1520;cora
1521;coral
1522;coralie
1523;coraline
1524;corbin
1525;cordelia
1526;corey
1527;corey
1528;cori
1529;corina
1530;corinne
1531;cormac
1532;cornelia
1533;cornelius
1534;corra
1535;cory
1536;cosette
1537;courtney
1538;craig
1539;cressida
1540;crispin
1541;cristal
1542;cristian
1543;cristina
1544;cristobal
1545;crosby
1546;cruz
1547;crystal
1548;cullen
1549;curt
1550;curtis
1551;cuthbert
1552;cyndi
1553;cynthia
1554;cyra
1555;cyril
1556;cyrus
1557;dabria
1558;dacey
1559;dacia
1560;daelyn
1561;dagmar
1562;dahlia
1563;daina
1564;daire
1565;daisy
1567;dakota
1569;dale
1570;dalen
1571;dallas
1572;dalon
1573;dalton
1574;damarion
1575;damaris
1576;damian
1577;damien
1578;damion
1579;damon
1580;dan
1582;dana
1583;danae
1584;dane
1585;danette
1586;dani
1587;danica
1588;daniel
1589;daniela
1590;daniella
1591;danielle
1592;danika
1593;danny
1594;dante
1595;daphne
1597;dara
1598;daragh
1599;darby
1600;darcey
1601;darcie
1603;darcy
1604;daren
1605;daria
1606;darian
1607;dariel
1608;darin
1609;dario
1610;darius
1611;darla
1612;darlene
1613;darnell
1614;darragh
1615;darrel
1616;darrell
1617;darren
1618;darrin
1619;darryl
1620;darryn
1621;darwin
1622;daryl
1623;dash
1624;dashawn
1625;dasia
1626;dave
1627;david
1628;davida
1629;davin
1630;davina
1631;davion
1632;davis
1633;dawn
1634;dawson
1635;dax
1636;daxon
1637;daxter
1638;daxton
1639;dayle
1640;daylen
1641;daylon
1642;dayna
1643;daysha
1644;dayton
1645;deacon
1646;dean
1647;deana
1648;deandra
1649;deandre
1650;deann
1651;deanna
1652;deanne
1653;deb
1654;debbie
1655;debby
1656;debora
1657;deborah
1658;debra
1659;declan
1660;dede
1662;dee
1663;deedee
1664;deena
1665;deepak
1666;deidre
1667;deirdre
1668;deja
1669;deklan
1670;delana
1671;delaney
1672;delanie
1673;delany
1674;delbert
1675;delia
1676;delilah
1677;delina
1678;della
1679;delores
1680;delphine
1681;delvin
1682;demetria
1683;demetrius
1684;demi
1685;dena
1686;denice
1687;denis
1688;denise
1689;dennis
1691;denny
1692;denver
1693;denzel
1694;deon
1695;derek
1696;derica
1697;derik
1698;dermot
1699;derrick
1700;deshaun
1701;deshawn
1702;desiree
1703;desmond
1704;dessa
1705;destinee
1706;destiny
1707;dev
1708;devin
1709;devlin
1710;devon
1711;devyn
1712;dewayne
1713;dewey
1714;dex
1715;dexter
1716;diamond
1717;diana
1718;diane
1719;dianna
1720;dianne
1721;diarmuid
1722;dick
1723;dicky
1724;didi
1725;dido
1726;diego
1727;digby
1728;dilan
1729;dillon
1730;dilys
1731;dimitri
1732;dina
1733;dinah
1734;dinesh
1735;dino
1736;dion
1737;dionne
1738;dior
1739;dirk
1740;dixie
1741;dixon
1742;django
1743;dmitri
1744;dolley
1745;dolly
1746;dolores
1747;dominic
1748;dominick
1749;dominique
1750;don
1751;donal
1752;donald
1753;donna
1754;donnie
1755;donny
1756;donovan
1757;dora
1758;doreen
1759;dorian
1760;doriana
1761;dorinda
1762;doris
1763;dorla
1764;dorothy
1765;dory
1766;dot
1767;dottie
1768;doug
1769;dougie
1770;douglas
1771;doyle
1772;drake
1773;draven
1774;drayden
1776;drew
1777;drusilla
1778;duane
1779;dudley
1780;dug
1781;duke
1782;dulce
1783;dulcie
1784;duncan
1785;dustin
1786;dusty
1787;dwayne
1788;dwight
1789;dylan
1790;dympna
1791;eabha
1792;eadie
1793;eamon
1794;earl
1795;earnest
1796;eason
1797;easton
1798;eathan
1799;eben
1800;ebony
1801;echo
1802;ed
1803;eddie
1804;eddy
1806;eden
1807;edgar
1808;edie
1809;edison
1810;edith
1811;edlyn
1812;edmund
1813;edna
1814;edouard
1815;edric
1816;edsel
1817;edson
1818;eduardo
1819;edward
1820;edwardo
1821;edwin
1822;edwina
1823;edyn
1824;effie
1825;efrain
1826;efren
1827;egan
1828;egon
1829;eibhlin
1830;eileen
1831;eilidh
1832;eilish
1833;eimear
1834;eireann
1835;eisley
1836;elaina
1837;elaine
1838;elana
1839;elbert
1840;eldon
1841;eleanor
1842;electra
1843;elektra
1844;elen
1845;elena
1846;eleonora
1847;eli
1848;elian
1849;eliana
1850;elias
1851;elicia
1852;elida
1853;elijah
1854;elin
1855;elina
1856;elinor
1857;eliot
1858;elisa
1859;elisabeth
1860;elise
1861;elisha
1862;elissa
1863;eliza
1864;elizabeth
1865;ella
1866;elle
1867;ellen
1868;ellery
1869;elliana
1870;ellie
1871;ellington
1872;elliot
1873;elliott
1875;ellis
1876;elly
1877;elmer
1878;elmo
1879;elodie
1880;elody
1881;eloise
1882;elon
1883;elora
1884;elouise
1885;elroy
1886;elsa
1887;elsie
1888;elspeth
1889;elton
1890;elva
1891;elvina
1892;elvira
1893;elvis
1894;elwood
1895;elwyn
1896;ely
1897;elysia
1898;elyza
1899;emanuel
1900;emanuela
1901;ember
1902;emelda
1903;emelia
1904;emeline
1905;emely
1906;emer
1907;emerald
1909;emerson
1911;emery
1912;emet
1913;emi
1914;emil
1915;emilee
1916;emilia
1917;emiliano
1918;emilie
1919;emilio
1920;emily
1921;emlyn
1922;emma
1923;emmalee
1924;emmaline
1925;emmalyn
1926;emmanuel
1927;emmanuelle
1928;emmeline
1929;emmerson
1930;emmet
1931;emmett
1932;emmie
1933;emmy
1935;emory
1936;ena
1937;ender
1938;enid
1939;enna
1940;ennio
1941;enoch
1942;enrique
1943;enya
1944;enzo
1945;eoghan
1946;eoin
1947;ephraim
1948;eric
1949;erica
1950;erick
1951;erik
1952;erika
1953;erin
1954;eris
1955;ernest
1956;ernestine
1957;ernesto
1958;ernie
1959;errol
1960;ervin
1961;erwin
1962;eryn
1963;esmay
1964;esme
1965;esmeralda
1966;esparanza
1967;esperanza
1968;esteban
1969;estee
1970;estelle
1971;ester
1972;esther
1973;estrella
1974;ethan
1975;ethel
1976;ethen
1977;etienne
1978;euan
1979;eudora
1980;euen
1981;eugene
1982;eugenie
1983;eunice
1984;euphemia
1985;eustace
1986;eva
1987;evaline
1988;evan
1989;evangelina
1990;evangeline
1991;evangelos
1992;eve
1993;evelin
1994;evelina
1996;evelyn
1997;everett
1998;everly
1999;evie
2000;evita
2001;evy
2002;ewan
2003;eyan
2004;ezekiel
2005;ezio
2006;ezmae
2007;ezra
2008;fabian
2009;fabienne
2010;fabio
2011;fabrizia
2012;faisal
2013;faith
2014;fallon
2015;fanny
2016;farah
2017;farley
2018;farrah
2019;fatima
2020;fawn
2021;fay
2022;faye
2023;febian
2024;felicia
2025;felicity
2026;felipe
2027;felix
2028;fenton
2029;ferdinand
2030;fergal
2031;fergus
2032;fern
2033;fernand
2034;fernanda
2035;fernando
2036;ffion
2037;fia
2038;fidel
2039;fifi
2040;filbert
2041;finbar
2042;findlay
2043;finlay
2044;finley
2045;finn
2046;finnian
2047;finnigan
2048;fion
2049;fiona
2050;fionn
2051;fiora
2052;fletcher
2053;fleur
2054;flick
2055;flinn
2056;flo
2057;flor
2058;flora
2059;florence
2060;florian
2061;floss
2062;flossie
2063;flower
2064;floyd
2065;flynn
2066;ford
2067;forest
2068;forrest
2069;foster
2070;fox
2071;fran
2072;frances
2073;francesca
2074;francesco
2075;francine
2076;francis
2077;francisco
2078;francoise
2079;frank
2081;frankie
2082;franklin
2083;franklyn
2084;fraser
2085;frazer
2086;fred
2087;freda
2088;freddie
2089;freddy
2090;frederica
2091;frederick
2092;fredrick
2093;freya
2094;frida
2095;fritz
2096;fynn
2097;gabby
2098;gabe
2099;gabriel
2100;gabriela
2101;gabriella
2102;gabrielle
2103;gael
2104;gaelan
2105;gage
2106;gaia
2107;gaige
2108;gail
2109;gale
2110;galen
2111;gannon
2112;gareth
2113;garman
2114;garnet
2115;garrett
2116;garrison
2117;garry
2118;garth
2119;gary
2120;gaston
2121;gavin
2122;gayle
2123;gaynor
2124;geena
2125;gemma
2126;gena
2127;gene
2128;genesis
2129;genevieve
2130;genna
2131;geoff
2132;geoffrey
2133;george
2134;georgette
2135;georgia
2136;georgie
2137;georgina
2138;geraint
2139;gerald
2140;geraldine
2141;gerard
2142;gerardo
2143;geri
2144;germain
2145;germaine
2146;gerry
2147;gert
2148;gertie
2149;gertrude
2150;gethin
2151;gia
2152;gian
2153;gianna
2154;gibson
2155;gideon
2156;gigi
2157;gil
2158;gilbert
2159;gilberto
2160;gilda
2161;giles
2162;gill
2163;gillian
2164;gina
2165;ginger
2166;ginnie
2167;ginny
2168;gino
2169;giorgio
2170;giovanna
2171;giovanni
2172;gisela
2173;giselle
2174;gisselle
2175;gladys
2176;glen
2177;glenda
2178;glenn
2179;glenys
2180;gloria
2181;glyndwr
2182;glynis
2183;glynn
2184;godfrey
2185;godric
2186;godwin
2187;golda
2188;goldie
2189;gonzalo
2190;gordon
2191;grace
2192;gracelyn
2193;gracie
2194;grady
2195;graeme
2196;graham
2197;grainne
2198;granger
2199;grant
2200;gray
2201;grayson
2202;greg
2203;gregg
2204;gregor
2205;gregory
2206;greta
2207;gretchen
2208;grey
2209;greyson
2210;griffin
2211;griselda
2212;grover
2213;guadalupe
2214;guido
2215;guillermo
2216;guinevere
2217;gulliver
2218;gunnar
2219;gunner
2220;gus
2221;gustav
2222;gustavo
2223;guy
2224;gwain
2225;gwen
2226;gwendolyn
2227;gwyneth
2228;gwynn
2229;habiba
2230;haden
2232;hadley
2233;haiden
2234;hailee
2235;hailey
2236;hal
2237;haleigh
2238;haley
2239;halle
2240;halley
2241;hallie
2242;hamilton
2243;hamish
2244;han
2245;hank
2246;hanna
2247;hannah
2248;hannibal
2249;hans
2250;harlan
2251;harleigh
2253;harley
2254;harmony
2255;harold
2256;harper
2257;harriet
2258;harris
2259;harrison
2260;harry
2261;harvey
2262;hassan
2263;hattie
2264;haven
2266;hayden
2267;hayes
2268;haylee
2269;hayley
2270;hazel
2271;hazeline
2272;heath
2273;heather
2274;heaven
2275;hector
2276;heidi
2277;helen
2278;helena
2279;helene
2280;helga
2281;helina
2282;hendrik
2283;hendrix
2284;henley
2285;henri
2286;henrietta
2287;henry
2288;hepsiba
2289;hera
2290;herbert
2291;herbie
2292;herman
2293;hermine
2294;hermione
2295;hester
2296;heston
2297;hetty
2298;hezekiah
2300;hilary
2301;hilda
2302;hildegard
2303;hillary
2304;hiram
2305;holden
2306;hollie
2307;holly
2308;homer
2309;honesty
2310;honey
2311;honor
2312;honour
2313;hope
2314;horace
2315;horatio
2316;hortense
2317;howard
2318;hubert
2319;huck
2320;hudson
2321;huey
2322;hugh
2323;hugo
2324;humberto
2325;humphrey
2326;hunter
2327;huw
2328;huxley
2329;hyacinth
2330;hywel
2331;iain
2332;ian
2333;ianthe
2334;ianto
2335;ibrahim
2336;ichabod
2337;ida
2338;idris
2339;iesha
2340;ieuan
2341;ieystn
2342;iggy
2343;ignacio
2344;igor
2345;ike
2346;ila
2347;ilene
2348;iliana
2349;ilona
2350;ilse
2351;imani
2352;imelda
2353;immy
2354;imogen
2355;imran
2356;ina
2357;india
2358;indiana
2359;indie
2360;indigo
2361;indira
2362;ines
2363;ingrid
2364;inigo
2365;iona
2367;ira
2368;irena
2369;irene
2370;irina
2371;iris
2372;irma
2373;irvin
2374;irving
2375;irwin
2376;isa
2377;isaac
2378;isabel
2379;isabell
2380;isabella
2381;isabelle
2382;isadora
2383;isaiah
2384;isaias
2385;isha
2386;ishaan
2387;ishmael
2388;isiah
2389;isidora
2390;isidore
2391;isis
2392;isla
2393;ismael
2394;isobel
2395;isolde
2396;israel
2397;itzel
2398;ivan
2399;ivana
2400;ivor
2401;ivy
2402;iwan
2403;iyanna
2404;izabella
2405;izidora
2406;izzie
2407;izzy
2408;jace
2409;jacinda
2410;jacinta
2411;jack
2413;jackie
2414;jackson
2415;jacob
2416;jacoby
2417;jacqueline
2418;jacquelyn
2419;jacques
2420;jacqui
2421;jad
2422;jada
2423;jade
2425;jaden
2426;jadon
2427;jadyn
2428;jaelynn
2429;jagger
2430;jago
2431;jai
2432;jaida
2434;jaiden
2435;jaime
2436;jaime
2437;jaimie
2438;jaina
2439;jak
2440;jake
2441;jakob
2442;jalen
2443;jamal
2444;james
2445;jameson
2447;jamie
2448;jamison
2449;jamiya
2451;jan
2452;jana
2453;janae
2454;jancis
2455;jane
2456;janella
2457;janelle
2458;janessa
2459;janet
2460;janette
2461;jania
2462;janice
2463;janie
2464;janine
2465;janis
2466;janiya
2467;january
2468;jaqueline
2469;jared
2470;jaret
2471;jariel
2472;jarod
2473;jaron
2474;jarrett
2475;jarrod
2476;jarvis
2477;jase
2478;jasmin
2479;jasmine
2480;jason
2481;jasper
2482;javid
2483;javier
2484;javon
2485;jax
2486;jaxon
2487;jaxson
2488;jay
2489;jaya
2490;jayce
2491;jayda
2493;jayden
2494;jaydon
2495;jayla
2496;jayleen
2497;jaylen
2498;jaylene
2499;jaylin
2500;jaylinn
2501;jaylon
2502;jaylynn
2503;jayne
2504;jayson
2505;jazlyn
2506;jazmin
2507;jazmine
2508;jazz
2509;jean
2510;jeana
2511;jeanette
2512;jeanine
2513;jeanna
2514;jeanne
2515;jeannette
2516;jeannie
2517;jeannine
2518;jeb
2519;jebediah
2520;jed
2521;jedediah
2522;jediah
2523;jedidiah
2524;jeevan
2525;jeff
2526;jefferson
2527;jeffery
2528;jeffrey
2529;jeffry
2530;jem
2531;jemima
2532;jemma
2533;jen
2534;jena
2535;jenelle
2536;jenessa
2537;jenna
2538;jennette
2539;jenni
2540;jennie
2541;jennifer
2542;jenny
2544;jensen
2545;jenson
2546;jerald
2547;jeraldine
2548;jeremiah
2549;jeremy
2550;jeri
2551;jericho
2552;jermaine
2553;jerome
2554;jerri
2555;jerrion
2556;jerrold
2557;jerry
2558;jersey
2559;jeslyn
2560;jess
2561;jessa
2563;jesse
2564;jessica
2565;jessie
2566;jessie
2567;jesus
2569;jet
2570;jethro
2571;jett
2572;jevan
2573;jevin
2574;jewel
2575;jeydon
2576;jill
2577;jillian
2578;jim
2579;jimmie
2580;jimmy
2581;jina
2582;jo
2583;joachim
2584;joan
2585;joann
2586;joanna
2587;joanne
2588;joaquin
2589;job
2590;jocelyn
2591;jock
2592;jodi
2593;jodie
2595;jody
2596;joe
2597;joel
2598;joelle
2599;joey
2600;joffrey
2601;johan
2602;johann
2603;johanna
2604;john
2605;johnathan
2606;johnathon
2607;johnnie
2608;johnny
2609;jojo
2610;joleen
2611;jolene
2612;jolie
2613;jon
2614;jonah
2615;jonas
2616;jonathan
2617;jonathon
2618;joni
2619;jonquil
2620;jonty
2622;jordan
2623;jordana
2624;jordon
2625;jordy
2626;jordyn
2627;jorge
2628;jorja
2629;jose
2630;joseline
2631;joselyn
2632;joseph
2633;josephina
2634;josephine
2635;josh
2636;joshua
2637;josiah
2638;josie
2639;joss
2640;josue
2641;journey
2642;jovan
2643;joy
2644;joya
2645;joyce
2646;juan
2647;juanita
2648;judah
2649;judas
2650;judd
2652;jude
2653;judith
2654;judy
2655;jules
2656;julia
2657;julian
2658;juliana
2659;julianna
2660;julianne
2661;julie
2662;julienne
2663;juliet
2664;juliette
2665;julio
2666;julissa
2667;julius
2668;july
2669;juna
2670;june
2671;juniper
2672;juno
2674;justice
2675;justin
2676;justina
2677;justine
2678;kacey
2679;kade
2680;kaden
2681;kadence
2682;kady
2683;kaelyn
2684;kai
2685;kaiden
2686;kaidence
2687;kailey
2688;kailin
2689;kailyn
2690;kaine
2691;kaitlin
2692;kaitlyn
2693;kaitlynn
2694;kale
2695;kalea
2696;kaleb
2697;kaleigh
2698;kalem
2699;kali
2700;kalia
2701;kalin
2702;kalista
2703;kaliyah
2704;kallie
2705;kamala
2706;kameron
2707;kami
2708;kamil
2709;kamryn
2710;kane
2711;kaori
2712;kara
2713;karen
2714;kari
2715;karin
2716;karina
2717;karis
2718;karissa
2719;karl
2720;karla
2721;karlee
2722;karly
2723;karolina
2724;karson
2725;karsten
2726;karter
2727;karyn
2728;kasey
2729;kash
2730;kason
2731;kasper
2732;kassandra
2733;kassidy
2734;kassie
2735;kat
2736;katara
2737;katarina
2738;kate
2739;katelyn
2740;katelynn
2741;katerina
2742;katharine
2743;katherine
2744;kathleen
2745;kathryn
2746;kathy
2747;katia
2748;katie
2749;katlyn
2750;katniss
2751;katrin
2752;katrina
2753;katy
2754;katya
2755;kay
2756;kaya
2758;kayden
2759;kaydence
2760;kaye
2761;kayla
2762;kayle
2763;kaylee
2764;kayleigh
2765;kaylen
2766;kayley
2767;kaylie
2768;kaylin
2769;kayne
2770;kayson
2771;kean
2772;keana
2773;keanu
2774;keara
2775;keaton
2776;kedrick
2777;keegan
2778;keelan
2779;keeley
2780;keelin
2781;keely
2782;keenan
2783;keira
2784;keisha
2785;keith
2786;kelby
2787;kelis
2788;kellan
2789;kellen
2790;kelley
2791;kelli
2792;kellie
2793;kellin
2795;kelly
2796;kelsey
2797;kelsie
2798;kelvin
2799;ken
2800;kenan
2802;kendall
2803;kendra
2804;kendrick
2805;kenley
2806;kenna
2808;kennedy
2809;kenneth
2810;kenny
2811;kensey
2812;kent
2813;kenton
2814;kenzie
2815;keon
2816;kera
2817;keri
2818;kerian
2819;kerri
2821;kerry
2822;kesha
2823;kevin
2824;keyon
2825;khalid
2826;khalil
2827;khloe
2828;kia
2829;kian
2830;kiana
2831;kiara
2832;kiefer
2833;kiera
2834;kieran
2835;kieron
2836;kierra
2837;kiersten
2838;kiki
2839;kiley
2840;killian
2841;kim
2842;kim
2843;kimberlee
2844;kimberley
2845;kimberly
2846;kimbriella
2847;kimmy
2848;kingsley
2849;kingston
2850;kinley
2851;kinsey
2852;kinsley
2853;kip
2854;kira
2855;kiran
2856;kirby
2857;kirk
2858;kirsten
2859;kirstin
2860;kirsty
2862;kit
2863;kitty
2864;kizzy
2865;klarissa
2866;klaus
2867;klay
2868;kloe
2869;knox
2870;kobe
2871;koby
2872;kody
2873;kolby
2874;konnor
2875;konrad
2876;kora
2877;kori
2878;kourtney
2880;kris
2881;krish
2882;krista
2883;kristen
2884;kristi
2885;kristian
2886;kristie
2887;kristin
2888;kristina
2889;kristine
2890;kristoff
2891;kristopher
2892;kristy
2893;krystal
2894;kurt
2895;kurtis
2896;kya
2897;kyan
2898;kyden
2899;kye
2900;kyla
2901;kylar
2902;kyle
2903;kylee
2904;kyleigh
2905;kylen
2906;kyler
2907;kylie
2908;kyra
2909;kyran
2910;kyrin
2911;kyron
2912;kyson
2914;lacey
2915;lachlan
2916;lacie
2917;lacy
2918;ladonna
2919;laila
2920;lainey
2921;lake
2922;lakyn
2923;lala
2924;lamar
2925;lambert
2926;lamont
2927;lana
2928;lance
2929;lancelot
2930;landen
2931;lando
2932;landon
2933;landyn
2934;lane
2935;laney
2936;langdon
2937;langston
2938;lani
2939;lara
2940;larissa
2941;lark
2942;larry
2943;lars
2944;latisha
2945;latoya
2946;laura
2947;laurel
2948;lauren
2949;laurence
2950;lauretta
2952;laurie
2953;lauryn
2954;lavana
2955;lavender
2956;lavinia
2957;lawrence
2958;lawson
2959;layla
2960;layna
2961;layne
2962;layton
2963;lea
2964;leaf
2965;leah
2966;leander
2967;leandra
2968;leandro
2969;leann
2970;leanna
2971;leanne
2972;lebron
2973;leda
2974;ledger
2976;lee
2977;leela
2978;leena
2979;leia
2980;leif
2982;leigh
2983;leigha
2984;leighton
2985;leila
2986;leilani
2987;lela
2988;leland
2989;lemuel
2990;len
2991;lena
2992;lenard
2993;lennie
2994;lennon
2995;lennox
2996;lenny
2997;lenora
2998;lenore
2999;leo
3000;leon
3001;leona
3002;leonard
3003;leonardo
3004;leonel
3005;leonie
3006;leonora
3007;leopold
3008;leora
3009;leroy
3010;les
3011;lesley
3013;leslie
3014;lesly
3015;lester
3016;leticia
3017;letitia
3018;lettie
3019;leuan
3020;lev
3021;leven
3022;levi
3023;levy
3024;lewis
3025;lex
3026;lexi
3027;lexia
3028;lexie
3029;lexis
3030;leyla
3031;leyton
3032;lia
3033;liah
3034;liam
3035;liana
3036;lianne
3037;liara
3038;libbie
3039;libby
3040;liberty
3041;lidia
3042;lief
3043;liesl
3044;lila
3045;lilac
3046;lilah
3047;lili
3048;lilian
3049;liliana
3050;lilita
3051;lilith
3052;lillia
3053;lillian
3054;lillie
3055;lilly
3056;lily
3057;lina
3058;lincoln
3059;linda
3060;linden
3061;lindon
3062;lindsay
3063;lindsey
3064;lindy
3065;link
3066;linley
3067;linus
3068;lionel
3069;lisa
3070;lisandro
3071;lisbeth
3072;lisette
3073;liv
3074;livia
3075;livvy
3076;liz
3077;liza
3078;lizbeth
3079;lizette
3080;lizzie
3081;lizzy
3082;llewelyn
3083;lloyd
3084;lochlan
3086;logan
3087;lois
3088;loki
3089;lola
3090;lolita
3092;london
3093;lonnie
3094;lora
3095;loran
3096;lorcan
3097;lorelei
3099;loren
3100;lorena
3101;lorenzo
3102;loretta
3103;lori
3104;lorie
3105;loris
3106;lorna
3107;lorraine
3108;lorri
3109;lorrie
3110;lottie
3111;lotus
3113;lou
3114;louella
3115;louie
3116;louis
3117;louisa
3118;louise
3119;lourdes
3120;lowell
3121;luann
3122;luca
3123;lucas
3124;lucia
3125;lucian
3126;luciana
3127;luciano
3128;lucie
3129;lucille
3130;lucinda
3132;lucky
3133;lucretia
3134;lucy
3135;luigi
3136;luis
3137;luisa
3138;lukas
3139;luke
3140;lulu
3141;luna
3142;lupita
3143;luther
3144;luz
3145;lydia
3146;lyla
3147;lyle
3148;lynda
3149;lyndon
3150;lyndsey
3151;lynette
3153;lynn
3154;lynne
3155;lynnette
3156;lynsey
3157;lyra
3158;lyric
3159;lysander
3160;mabel
3161;macey
3162;macie
3163;mack
3164;mackenzie
3165;macy
3166;madalyn
3167;maddie
3168;maddison
3169;maddox
3170;maddy
3171;madeleine
3172;madeline
3173;madelyn
3174;madge
3175;madison
3176;madisyn
3177;madonna
3178;madyson
3179;mae
3180;maeve
3181;magda
3182;magdalena
3183;magdalene
3184;maggie
3185;magnus
3186;maia
3187;maira
3188;maire
3189;mairead
3190;maisie
3191;maison
3192;maisy
3193;maja
3194;makayla
3195;makenna
3196;makenzie
3197;malachi
3198;malakai
3199;malala
3200;malcolm
3201;maleah
3202;malena
3203;mali
3204;malia
3205;malik
3206;malina
3207;malinda
3208;mallory
3209;malloy
3210;malory
3211;malvin
3212;mandy
3213;manny
3214;manuel
3215;manuela
3216;mara
3217;marc
3218;marcel
3219;marcela
3220;marcella
3221;marcelle
3222;marcelo
3223;marci
3224;marcia
3225;marcie
3226;marco
3227;marcos
3228;marcus
3229;marcy
3230;margaret
3231;margarita
3232;margaux
3233;marge
3234;margery
3235;margie
3236;margo
3237;margot
3238;margret
3239;maria
3240;mariah
3241;mariam
3242;marian
3243;mariana
3244;marianna
3245;marianne
3246;maribel
3247;marie
3248;mariela
3249;mariella
3250;marigold
3251;marik
3252;marilyn
3253;marina
3254;mario
3256;marion
3257;maris
3258;marisa
3259;marisol
3260;marissa
3261;maritza
3262;marjorie
3263;mark
3264;marla
3265;marlee
3266;marlena
3267;marlene
3269;marley
3270;marlon
3271;marnie
3272;marquis
3273;marsha
3274;marshall
3275;martha
3276;martin
3277;martina
3278;marty
3279;martyn
3280;marvin
3281;mary
3282;maryam
3283;maryann
3284;marybeth
3285;maryjane
3286;masie
3287;mason
3288;massimo
3289;mat
3290;mateo
3291;mathew
3292;mathilda
3293;mathilde
3294;matilda
3295;matt
3296;matthew
3297;matthias
3298;mattie
3299;maude
3300;maura
3301;maureen
3302;maurice
3303;mauricio
3304;maverick
3305;mavis
3306;max
3307;maxim
3308;maxime
3309;maximilian
3310;maximus
3311;maxine
3312;maxwell
3313;may
3314;maya
3315;maybell
3316;mayson
3317;mazie
3318;mckayla
3319;mckenna
3321;mckenzie
3322;mea
3323;meadow
3324;meagan
3325;meera
3326;meg
3327;megan
3328;meghan
3329;mehdi
3330;mehtab
3331;mei
3332;mekhi
3334;mel
3335;melanie
3336;melina
3337;melinda
3338;melissa
3339;melody
3340;melvin
3341;melvina
3342;memphis
3343;mercedes
3344;mercy
3345;meredith
3346;merick
3347;merida
3348;merissa
3349;mervin
3350;mervyn
3351;meryl
3352;mhairi
3353;mia
3354;mica
3355;micah
3356;michael
3357;michaela
3358;micheal
3359;michele
3360;michelle
3361;mick
3362;mickey
3363;miguel
3364;mika
3365;mikaela
3366;mikayla
3367;mike
3368;mikey
3369;mikhaela
3370;mila
3371;milan
3372;mildred
3373;milena
3374;miles
3375;miley
3376;millard
3377;miller
3378;millicent
3379;millie
3380;milly
3381;milo
3382;milton
3383;mim
3384;mimi
3385;mina
3386;mindy
3387;minerva
3388;minnie
3389;mira
3390;mirabel
3391;mirabella
3392;mirabelle
3393;miracle
3394;miranda
3395;miriam
3396;mirielle
3397;misha
3398;missie
3399;misty
3400;mitch
3401;mitchell
3402;mitt
3403;mitzi
3404;modesty
3405;moe
3406;mohamed
3407;mohammad
3408;mohammed
3409;moira
3410;moises
3411;mollie
3412;molly
3413;mona
3414;monica
3415;monika
3416;monique
3418;monroe
3419;montana
3420;monte
3421;montgomery
3422;montserrat
3423;monty
3424;morag
3425;mordecai
3427;morgan
3428;morgana
3429;morris
3430;moses
3431;moxie
3432;moya
3433;muhammad
3434;muriel
3435;murphy
3436;murray
3437;mya
3438;mycroft
3439;myfanwy
3440;myla
3441;mylene
3442;myles
3443;mylo
3444;myra
3445;myrna
3446;myron
3447;myrtle
3448;nadene
3449;nadia
3450;nadine
3451;naja
3452;nala
3453;nana
3454;nancy
3455;nanette
3456;naomi
3457;narelle
3458;nash
3459;nasir
3460;natalia
3461;natalie
3462;natasha
3463;nate
3464;nath
3465;nathan
3466;nathanael
3467;nathaniel
3468;naya
3469;nayeli
3470;neal
3471;ned
3472;neel
3473;nehemiah
3474;neil
3475;nell
3476;nellie
3477;nelly
3478;nelson
3479;nena
3480;nerissa
3481;nerys
3482;nesbit
3483;nessa
3484;nestor
3485;netty
3486;nevaeh
3487;neve
3488;neveah
3489;neville
3490;nevin
3491;newt
3492;newton
3493;nia
3494;niall
3495;niamh
3496;nichelle
3497;nichola
3498;nicholas
3499;nichole
3500;nick
3501;nicki
3502;nickolas
3504;nicky
3505;nico
3506;nicola
3507;nicolas
3508;nicole
3509;nicolette
3510;nieve
3511;nigel
3512;nigella
3513;nihal
3514;nik
3515;nika
3516;niki
3517;nikita
3518;nikki
3519;niklaus
3520;niko
3521;nikolai
3522;nikolas
3523;nila
3524;nile
3525;nils
3526;nina
3527;nisha
3528;nishka
3529;nita
3530;noah
3531;noam
3532;noe
3533;noel
3534;noella
3535;noelle
3536;noely
3537;noemi
3538;nola
3539;nolan
3540;nora
3541;norah
3542;norbert
3543;noreen
3544;norma
3545;norman
3546;norris
3547;norton
3548;nova
3549;nyla
3550;nyle
3551;nyles
3552;nyx
3553;oakes
3554;oakley
3555;oasis
3556;oberon
3557;ocean
3558;oceana
3559;octavia
3560;octavio
3561;odalis
3562;odalys
3563;odele
3564;odelia
3565;odette
3566;ofelia
3567;oisin
3568;olaf
3569;olga
3570;oli
3571;olin
3572;olive
3573;oliver
3574;olivia
3575;ollie
3576;olly
3577;olwen
3578;olwyn
3579;omar
3580;ondina
3581;onna
3582;oona
3583;oonagh
3584;opal
3585;ophelia
3586;oprah
3587;ora
3588;oran
3589;oriana
3590;orianna
3591;orion
3592;orla
3593;orlaith
3594;orlando
3595;orson
3596;oscar
3597;osric
3598;osvaldo
3599;oswald
3600;otis
3601;otto
3602;owain
3603;owen
3604;ozzie
3605;ozzy
3606;pablo
3607;paco
3608;paddy
3609;padraig
3610;page
3611;paige
3612;paisley
3613;palmer
3614;paloma
3615;pam
3616;pamela
3617;pandora
3618;pansy
3619;paola
3620;paolo
3621;paris
3622;parker
3623;pascal
3624;pat
3625;patience
3626;patrice
3627;patricia
3628;patrick
3629;patsy
3630;patti
3631;patty
3632;paul
3633;paula
3634;paulette
3635;paulina
3636;pauline
3637;paxton
3639;payton
3640;peace
3641;pearce
3642;pearl
3643;pedro
3644;peggy
3645;penelope
3646;penny
3647;peony
3648;pepper
3649;percy
3650;peregrine
3651;perla
3652;perrie
3653;perry
3654;persephone
3655;petar
3656;pete
3657;peter
3658;petra
3659;petunia
3661;peyton
3662;phebian
3663;phil
3664;philip
3665;philippa
3666;philippe
3667;phillip
3668;phillipa
3669;philomena
3670;phineas
3671;phoebe
3673;phoenix
3674;phyllis
3675;pierce
3676;piers
3677;pierson
3678;pip
3679;piper
3680;pippa
3681;pixie
3682;polly
3683;pollyanna
3684;poppy
3685;porter
3686;portia
3687;poul
3688;prakash
3689;precious
3690;presley
3691;preslie
3692;preston
3693;primrose
3694;prince
3695;princess
3696;princeton
3697;priscilla
3698;priya
3699;promise
3700;prudence
3701;prue
3702;queenie
3703;quentin
3704;quiana
3705;quincy
3706;quinlan
3708;quinn
3709;quinton
3710;quintrell
3711;rabia
3712;rachael
3713;rachel
3714;rachelle
3715;racquel
3716;rae
3717;raegan
3718;raelyn
3719;rafael
3720;rafferty
3721;raheem
3722;rahul
3723;raiden
3724;raina
3725;raine
3726;raj
3727;rajesh
3728;ralph
3729;ram
3730;rameel
3731;ramon
3732;ramona
3733;ramsey
3734;ramsha
3735;randal
3736;randall
3737;randi
3738;randolph
3739;randy
3740;rani
3741;rania
3742;raoul
3743;raphael
3744;raquel
3745;rashad
3746;rashan
3747;rashid
3748;raul
3750;raven
3751;ravi
3752;ray
3753;raya
3754;raydon
3755;raylan
3756;raymond
3757;rayna
3758;rayne
3759;reagan
3760;reanna
3761;reanne
3762;rebecca
3763;rebekah
3764;red
3765;reece
3766;reed
3767;reef
3769;reese
3770;reg
3771;regan
3772;reggie
3773;regina
3774;reginald
3775;rehan
3776;reid
3778;reilly
3779;reina
3780;remco
3781;remi
3782;remington
3783;remy
3784;ren
3785;rena
3786;renae
3787;renata
3789;rene
3790;renee
3791;renesmee
3792;reuben
3793;rex
3794;reyna
3795;reynaldo
3796;reza
3797;rhea
3798;rhett
3799;rhian
3800;rhianna
3801;rhiannon
3802;rhoda
3803;rhodri
3804;rhona
3805;rhonda
3806;rhydian
3807;rhys
3808;ria
3809;rian
3810;rianna
3811;ricardo
3812;rich
3813;richard
3814;richelle
3815;richie
3816;richmond
3817;rick
3818;rickey
3819;ricki
3820;rickie
3821;ricky
3822;rico
3823;rider
3824;ridley
3825;rigby
3826;rihanna
3827;rik
3828;riker
3829;rikki
3831;riley
3832;rina
3833;rio
3834;riordan
3835;rita
3836;riven
3839;riya
3840;roan
3841;roanne
3842;rob
3843;robbie
3844;robby
3845;robert
3846;roberta
3847;roberto
3849;robin
3850;robson
3851;robyn
3852;rocco
3853;rochelle
3854;rocio
3855;rock
3856;rocky
3857;rod
3858;roddy
3859;roderick
3860;rodger
3861;rodney
3862;rodolfo
3863;rodrigo
3864;rogelio
3865;roger
3866;rohan
3867;roisin
3868;roland
3869;rolanda
3870;rolando
3871;roman
3872;romeo
3873;ron
3874;ronald
3875;ronan
3876;ronda
3877;roni
3878;ronna
3879;ronnie
3880;ronny
3881;roosevelt
3882;rory
3883;rosa
3884;rosalie
3885;rosalina
3886;rosalind
3887;rosalinda
3888;rosalynn
3889;rosamund
3890;rosanna
3891;roscoe
3892;rose
3893;roseanne
3894;rosella
3895;roselle
3896;rosemarie
3897;rosemary
3898;rosetta
3899;rosie
3900;rosita
3901;roslyn
3902;ross
3903;rosy
3905;rowan
3906;rowena
3907;roxana
3908;roxanne
3909;roxie
3910;roxy
3911;roy
3912;royce
3913;rozlynn
3914;ruairi
3915;ruben
3916;rubin
3917;ruby
3918;rudolph
3919;rudy
3920;rue
3921;rufus
3922;rupert
3923;russ
3924;russell
3925;rusty
3926;ruth
3927;rutherford
3928;ruthie
3929;ryan
3930;ryanne
3931;rydel
3932;ryder
3933;ryker
3934;rylan
3935;ryland
3936;ryle
3937;rylee
3938;ryleigh
3939;ryley
3940;rylie
3941;sabina
3942;sabine
3943;sable
3944;sabrina
3945;sacha
3946;sade
3947;sadhbh
3948;sadie
3949;saffron
3950;safire
3951;safiya
3952;sage
3953;sahara
3954;said
3955;saige
3956;saira
3957;sally
3958;salma
3959;salman
3960;salome
3961;salvador
3962;salvatore
3964;sam
3965;samantha
3966;samara
3967;samia
3968;samir
3969;samira
3970;sammie
3972;sammy
3973;samson
3974;samuel
3975;sandeep
3976;sandra
3978;sandy
3979;sania
3980;sanjay
3981;santiago
3982;saoirse
3983;saphira
3984;sapphire
3985;sara
3986;sarah
3987;sarina
3988;sariya
3989;sascha
3991;sasha
3992;saskia
3993;saul
3994;savanna
3995;savannah
3996;sawyer
3997;scarlet
3998;scarlett
3999;scot
4000;scott
4001;scottie
4002;scotty
4003;seamus
4004;sean
4005;seanna
4006;seb
4007;sebastian
4008;sebastianne
4009;sebastien
4010;sebestian
4011;selah
4012;selena
4013;selene
4014;selicia
4015;selina
4016;selma
4017;senuri
4018;september
4019;serafina
4020;seraphina
4021;seren
4022;serena
4023;serenity
4024;sergio
4025;seth
4026;seymour
4027;shadrach
4028;shaelyn
4029;shakira
4030;shamira
4031;shana
4032;shanaya
4033;shane
4034;shani
4035;shania
4036;shanice
4037;shannon
4038;shannon
4039;shantell
4040;shari
4041;sharon
4042;shary
4043;shaun
4044;shauna
4046;shawn
4047;shawna
4048;shawnette
4049;shay
4050;shayla
4051;shayna
4052;shayne
4054;shea
4055;sheba
4056;sheena
4057;sheila
4058;shelby
4059;sheldon
4060;shelia
4061;shelley
4062;shelly
4063;shelton
4064;sheri
4065;sheridan
4066;sherlock
4067;sherman
4068;sherri
4069;sherrie
4070;sherry
4071;sherwin
4072;sheryl
4073;shiloh
4074;shirley
4075;shivani
4076;shona
4077;shonagh
4078;shreya
4079;shyann
4080;shyla
4081;sian
4082;sid
4084;sidney
4085;sienna
4086;sierra
4087;sigourney
4088;silas
4089;silvia
4090;simeon
4091;simon
4092;simone
4093;simran
4094;sindy
4095;sinead
4096;siobhan
4097;sissy
4099;sky
4100;skye
4102;skylar
4104;skyler
4105;skylyn
4106;slade
4107;sloane
4108;snow
4109;sofia
4110;sofie
4111;sol
4112;solomon
4113;sondra
4114;sonia
4115;sonja
4116;sonny
4117;sonya
4118;sophia
4119;sophie
4120;sophy
4121;soren
4122;sorrel
4123;spencer
4124;spike
4125;spring
4127;stacey
4128;staci
4129;stacia
4130;stacie
4132;stacy
4133;stan
4134;stanley
4135;star
4136;starla
4137;stefan
4138;stefania
4139;stefanie
4140;stella
4141;steph
4142;stephan
4143;stephanie
4144;stephen
4145;sterling
4146;steve
4147;steven
4149;stevie
4150;stewart
4151;stone
4153;storm
4154;struan
4155;stuart
4156;sue
4157;sufyan
4158;sugar
4159;suki
4160;sullivan
4161;summer
4162;susan
4163;susanna
4164;susannah
4165;susanne
4166;susie
4167;sutton
4168;suzanna
4169;suzanne
4170;suzette
4171;suzie
4172;suzy
4173;sven
4174;sybil
4175;sydney
4176;sylvester
4177;sylvia
4178;sylvie
4179;syrus
4180;tabatha
4181;tabitha
4182;tadhg
4183;taelyn
4184;tagan
4185;tahlia
4186;tai
4187;tailynn
4188;tala
4189;talia
4190;talitha
4191;taliyah
4192;tallulah
4193;talon
4194;tam
4195;tamara
4196;tamera
4197;tami
4198;tamia
4199;tamika
4200;tammi
4201;tammie
4202;tammy
4203;tamra
4204;tamsin
4205;tane
4206;tania
4207;tanika
4208;tanisha
4209;tanner
4210;tanya
4211;tara
4212;tariq
4213;tarquin
4214;taryn
4215;tasha
4216;tasmin
4217;tate
4218;tatiana
4219;tatum
4220;tawana
4221;tay
4222;taya
4223;tayah
4224;tayden
4225;taye
4226;tayla
4227;taylah
4228;tayler
4230;taylor
4231;teagan
4232;teague
4233;ted
4234;teddy
4235;teegan
4236;tegan
4237;teigan
4238;temperance
4239;tenille
4240;teo
4241;terence
4242;teresa
4243;teri
4244;terrance
4245;terrell
4246;terrence
4247;terri
4248;terrie
4250;terry
4251;tess
4252;tessa
4253;tevin
4254;tex
4255;thad
4256;thaddeus
4257;thalia
4258;thea
4259;theia
4260;thelma
4261;theo
4262;theodora
4263;theodore
4264;theon
4265;theophilus
4266;theresa
4267;therese
4268;thom
4269;thomas
4270;thomasina
4271;thor
4272;tia
4273;tiago
4274;tiana
4275;tiara
4276;tiberius
4277;tiegan
4278;tiernan
4279;tiffany
4280;tiger
4281;tillie
4282;tilly
4283;tim
4284;timmy
4285;timothy
4286;tina
4287;tinsley
4288;tisha
4289;titania
4290;tito
4291;titus
4292;tobias
4293;tobin
4294;toby
4295;tod
4296;todd
4297;tom
4298;tomas
4299;tommie
4300;tommy
4301;toni
4302;tonia
4303;tony
4304;tonya
4305;tora
4306;tori
4307;torin
4308;toryn
4309;trace
4311;tracey
4312;traci
4313;tracie
4314;tracy
4315;tracy
4316;travis
4317;tray
4318;tremaine
4319;trent
4320;trenton
4321;trevon
4322;trevor
4323;trey
4324;treyden
4325;tricia
4326;trina
4327;trinity
4328;trish
4329;trisha
4330;trista
4331;tristan
4332;tristen
4333;triston
4334;trixie
4335;trixy
4336;troy
4337;trudy
4338;truman
4339;tucker
4340;tula
4341;tulip
4342;turner
4343;ty
4344;tylan
4345;tyler
4346;tyra
4347;tyrell
4348;tyren
4349;tyrese
4350;tyron
4351;tyrone
4352;tyson
4353;ulrica
4354;ulrich
4355;ulysses
4356;uma
4357;umar
4358;una
4359;unice
4360;uriah
4361;uriel
4362;ursula
4363;usama
4365;val
4366;valentin
4367;valentina
4368;valentine
4369;valentino
4370;valeria
4371;valerie
4372;valery
4373;van
4374;vance
4375;vanessa
4376;vasco
4377;vaughn
4378;veda
4379;velma
4380;venetia
4381;venus
4382;vera
4383;verena
4384;verity
4385;vernon
4386;veronica
4387;vesper
4388;vic
4389;vicki
4390;vickie
4391;vicky
4392;victor
4393;victoria
4394;vidal
4395;vienna
4396;vihan
4397;vijay
4398;vikram
4399;vince
4400;vincent
4401;vinnie
4402;viola
4403;violet
4404;violetta
4405;virgil
4406;virginia
4407;virginie
4408;vishal
4409;vivi
4410;vivian
4411;vivian
4412;viviana
4413;vivien
4414;vivienne
4415;vlad
4416;vladimir
4417;vonda
4418;wade
4419;walker
4420;wallace
4421;wallis
4422;wally
4423;walt
4424;walter
4425;wanda
4426;warren
4427;waverley
4428;waylon
4429;wayne
4430;wendell
4431;wendi
4432;wendy
4433;wes
4434;wesley
4435;westin
4436;weston
4437;whitney
4438;wilbert
4439;wilbur
4440;wiley
4441;wilfred
4442;wilhelm
4443;wilhelmina
4444;will
4445;willa
4446;willam
4447;willamina
4448;willard
4449;willem
4450;william
4451;willie
4452;willis
4453;willow
4454;wilma
4455;wilmer
4456;wilson
4457;windsor
4458;winifred
4459;winnie
4460;winnifred
4461;winona
4462;winston
4463;winter
4464;wolf
4465;wolfgang
4466;woodrow
4467;woody
4468;wyatt
4469;wynne
4470;wynona
4471;xander
4472;xandra
4473;xandria
4474;xanthe
4475;xavier
4476;xaviera
4477;xena
4478;xenia
4479;xerxes
4480;xia
4481;ximena
4482;xochil
4483;xochitl
4484;yahir
4485;yana
4486;yanna
4487;yara
4488;yardley
4489;yasmin
4490;yasmina
4491;yasmine
4492;yazmin
4493;yehudi
4494;yelena
4495;yesenia
4496;yessica
4497;yestin
4498;yolanda
4499;york
4500;yoselin
4501;youssef
4502;ysabel
4503;yula
4504;yulissa
4505;yuri
4506;yusuf
4507;yvaine
4508;yves
4509;yvette
4510;yvonne
4511;zac
4512;zach
4513;zachariah
4514;zachary
4515;zachery
4516;zack
4517;zackary
4518;zackery
4519;zada
4520;zadie
4521;zaheera
4522;zahra
4523;zaiden
4524;zain
4525;zaine
4526;zaira
4527;zak
4528;zakia
4529;zali
4530;zander
4531;zandra
4532;zane
4533;zara
4534;zaria
4535;zaya
4536;zayden
4537;zayla
4538;zaylen
4539;zayn
4540;zayne
4541;zeb
4542;zebulon
4543;zed
4544;zeke
4545;zelda
4546;zelida
4547;zelina
4548;zelma
4549;zena
4550;zendaya
4551;zeph
4552;zeth
4553;zia
4554;zig
4555;ziggy
4556;zina
4557;zion
4558;zita
4559;ziva
4560;zoe
4561;zoey
4562;zohar
4563;zola
4564;zoltan
4565;zora
4566;zoran
4567;zoya
4568;zula
4569;zuri
4570;zuriel
4571;zyana
4572;zylen
