2;abacus
6;abolishment
8;accelerant
9;accelerator
11;accompanist
12;accordion
14;accountant
15;achieve
16;achiever
17;acid
18;acknowledgment
19;acoustic
20;acoustics
21;acrylic
27;actress
30;adapter
31;addiction
34;adjustment
36;adrenalin
38;advancement
40;advertisement
45;afghanistan
46;africa
49;aftershave
50;aftershock
51;afterthought
54;agenda
59;airbag
60;airbus
61;airfare
62;airforce
64;airmail
65;airplane
67;airship
69;alb
72;alcove
73;alder
75;algeria
76;alibi
77;allergist
78;alley
80;alloy
81;almanac
82;almond
84;alpenglow
85;alpenhorn
86;alpha
87;alphabet
89;altitude
90;alto
91;aluminium
92;aluminum
93;ambassador
95;ambulance
96;amendment
100;anagram
101;analgesia
102;analog
107;anethesiologist
109;angiosperm
111;angora
112;angstrom
113;anguish
115;anime
116;ankle
117;anklet
119;anorak
122;antarctica
126;anthony
127;anthropology
128;antler
135;aperitif
136;apology
137;apparatus
138;apparel
141;appendix
144;appliance
147;approval
148;april
149;apron
150;apse
151;aquarius
152;aquifer
153;arch
154;archaeology
155;archeology
156;archer
157;architect
158;architecture
159;arch-rival
161;argentina
163;aries
164;arithmetic
167;armament
168;armchair
169;armoire
170;armor
171;arm-rest
174;arrow
176;artichoke
178;artificer
179;ascot
180;ash
181;ashram
182;ashtray
183;asia
184;asparagus
186;asphalt
193;asterisk
194;astrakhan
195;astrolabe
196;astrologer
197;astrology
198;astronomy
199;atelier
200;athelete
202;atm
204;atom
205;atrium
206;attachment
209;attendant
211;attenuation
212;attic
214;attorney
215;attraction
217;auditorium
218;august
219;aunt
220;australia
222;authorisation
223;authority
224;authorization
225;automaton
226;avalanche
227;avenue
230;azimuth
232;babies
234;babushka
237;backbone
238;backdrop
239;backpack
240;bacon
242;badge
244;bafflement
246;bagel
247;bagpipe
248;bagpipes
249;bail
250;bait
252;baker
253;bakery
254;bakeware
255;balaclava
256;balalaika
261;balloon
262;ballpark
263;bamboo
264;banana
266;bandana
267;bandanna
268;bandolier
269;bangladesh
270;bangle
271;banjo
273;bankbook
274;banker
275;banquette
276;baobab
278;barbara
291;basement
292;basin
297;bassinet
301;bather
302;bathhouse
303;bathrobe
305;bathtub
306;batter
307;battery
308;batting
310;battleship
311;bay
312;bayou
314;bead
315;beak
316;beam
317;bean
318;beanie
319;beanstalk
321;beard
322;beast
324;beautician
330;beech
331;beef
333;beet
335;beggar
336;beginner
337;begonia
338;behavior
339;beheading
342;belief
343;believe
345;belligerency
346;bellows
347;belly
351;beneficiary
353;bengal
354;beret
355;berry
356;bestseller
357;best-seller
358;betty
359;beverage
361;bibliography
364;bidet
365;bifocals
367;big-rig
368;bijou
370;bikini
372;billboard
373;bin
374;biology
375;biplane
376;birch
378;birdbath
379;birdcage
380;birdhouse
381;bird-watcher
387;blackberry
388;blackboard
389;blackfish
390;bladder
391;blade
394;blanket
395;blazer
396;blight
397;blinker
398;blister
399;blizzard
401;blocker
403;bloodflow
404;bloom
405;bloomers
406;blossom
407;blouse
409;blowgun
410;blowhole
412;blueberry
416;boat-building
417;boatload
418;boatyard
421;bog
422;bolero
423;bolt
424;bomb
425;bomber
426;bondsman
428;bongo
429;bonnet
430;bonsai
432;boogeyman
434;bookcase
435;bookend
436;booklet
437;booster
439;bootee
440;bootie
441;boots
442;booty
444;bore
445;bosom
446;botany
448;bottling
450;bottom-line
451;boudoir
452;bough
453;boundary
454;bow
455;bower
457;bowler
458;bowling
459;bowtie
461;boxer
462;boxspring
465;bra
466;brace
467;bracelet
468;bracket
470;brake
472;brand
473;brandy
475;brassiere
476;bratwurst
477;brazil
479;breadcrumb
482;breakpoint
484;breastplate
486;breeze
487;bribery
489;bricklaying
492;briefs
494;british
495;broccoli
496;brochure
497;broiler
498;broker
499;brome
500;bronchitis
501;bronco
502;bronze
503;brooch
504;brood
505;brook
506;broom
508;brother-in-law
509;brow
512;brushfire
513;brushing
514;bubble
515;bucket
516;buckle
517;bud
519;buffer
520;buffet
522;buggy
523;bugle
525;bulb
526;bull
527;bulldozer
528;bullet
529;bull-fighter
530;bumper
531;bun
533;bungalow
534;bunghole
535;bunkhouse
536;burglar
537;burlesque
538;burma
540;burn-out
541;burst
543;bush
545;bust
546;bustle
547;butane
548;butcher
549;butter
554;cabana
555;cabbage
556;cabin
559;caboose
560;cacao
561;cactus
562;caddy
563;cadet
564;cafe
567;calcification
568;calculation
569;calculator
570;calculus
572;calf
573;calico
577;cameo
581;campanile
583;canada
584;canal
587;candelabra
591;cane
592;cannon
593;canoe
594;canon
595;canopy
596;canteen
597;canvas
599;cape
601;capitulation
602;capon
603;cappelletti
604;cappuccino
605;capricorn
606;captain
607;caption
609;caravan
610;carbon
613;cardigan
615;cargo
616;carload
617;carnation
618;carol
619;carotene
621;carpenter
623;carport
624;carriage
625;carrier
626;carrot
628;cart
629;cartilage
630;cartload
631;cartoon
632;cartridge
633;cascade
635;casement
637;cashier
638;casino
639;casserole
640;cassock
641;cast
642;castanet
643;castanets
644;castle
646;catacomb
647;catamaran
650;cathedral
651;catsup
653;cauliflower
655;caution
656;cave
657;c-clamp
658;cd
659;ceiling
661;celeriac
662;celery
663;celeste
665;cellar
666;cello
667;celsius
668;cement
669;cemetery
670;cenotaph
671;census
672;cent
673;centenarian
674;center
675;centimeter
676;centurion
677;century
679;ceramic
680;cereal
681;certification
682;cesspool
683;chador
684;chafe
686;chainstay
688;chairlift
689;chairman
690;chairperson
691;chairwoman
692;chaise
693;chalet
694;chalice
695;chalk
699;chandelier
702;chap
703;chapel
706;chard
709;charlatan
710;charles
711;charm
713;chastity
714;chasuble
715;chateau
716;chauffeur
717;chauvinist
719;checkroom
721;cheese
723;chef
725;cheque
726;cherries
727;cherry
728;chess
730;chick
732;chicory
733;chief
734;chiffonier
737;children
738;chill
739;chime
741;chin
742;china
743;chinese
744;chino
746;chit-chat
747;chivalry
748;chive
751;choker
752;chop
753;chopstick
754;chord
755;chowder
756;christmas
757;christopher
758;chrome
759;chromolithograph
760;chronograph
761;chronometer
762;chub
763;chug
765;churn
768;cinema
769;circle
770;circulation
771;circumference
772;cirrus
773;citizenship
775;civilisation
777;clank
778;clapboard
779;clarinet
780;clasp
783;claus
784;clave
785;clavicle
786;clavier
787;cleaner
788;cleat
789;cleavage
790;clef
791;cleric
795;cliff
797;climb
799;clipper
800;cloak
801;cloakroom
803;clockwork
804;clogs
805;cloister
806;close
808;cloth
810;clothing
812;cloudburst
813;cloudy
814;clove
815;clover
817;clutch
819;coal
822;cob
823;cobweb
824;cockpit
826;cocktail
827;cocoa
829;codon
830;codpiece
831;coevolution
833;coffin
834;coil
835;coin
836;coinsurance
837;coke
839;coliseum
843;collision
844;colloquia
845;colombia
846;colon
847;colonisation
848;colony
849;color
850;colt
851;column
852;columnist
853;comb
854;combat
858;comic
859;comma
864;communicant
870;competitor
872;complement
874;component
875;comportment
876;composer
877;composition
878;compost
879;compulsion
881;comradeship
885;concrete
887;condominium
889;conductor
890;cone
891;confectionery
894;confirmation
897;conga
898;congo
899;congressman
900;congressperson
901;congresswoman
902;conifer
904;consent
906;console
907;consonant
908;conspirator
910;constellation
912;consul
913;consulate
914;contact lens
915;contagion
918;continent
920;contrail
921;contrary
924;convection
927;convertible
930;cooking
931;coonskin
932;cope
933;cop-out
934;copper
937;copyright
938;copywriter
939;cord
940;corduroy
941;cork
942;cormorant
943;corn
944;cornerstone
945;cornet
946;corral
947;correspondent
948;corridor
949;corsage
951;costume
952;cot
953;cottage
954;cotton
955;couch
957;cough
958;council
959;councilman
960;councilor
961;councilperson
962;councilwoman
964;counter-force
965;countess
973;covariate
975;coverall
977;cowbell
978;cowboy
981;cracker
982;crackers
983;cradle
984;craftsman
986;crate
987;cravat
988;craw
991;crayon
994;creator
995;creature
996;creche
997;credenza
999;creditor
1000;creek
1001;creme brulee
1002;crest
1004;crib
1005;cribbage
1007;cricketer
1008;crime
1009;criminal
1010;crinoline
1011;criteria
1012;criterion
1015;crocus
1016;croissant
1017;crook
1018;crop
1020;cross-contamination
1021;cross-stitch
1022;crotch
1023;croup
1025;crowd
1026;crown
1027;crude
1028;crush
1030;crystallography
1031;cub
1032;cuban
1034;cucumber
1035;cuff-links
1036;cultivar
1037;cultivator
1039;culvert
1040;cummerbund
1042;cupboard
1043;cupcake
1044;cupola
1045;curio
1046;curl
1047;curler
1050;cursor
1051;curtain
1053;cushion
1054;custard
1055;custodian
1058;cuticle
1059;cutlet
1060;cutover
1061;cutting
1062;cyclamen
1064;cyclone
1065;cylinder
1066;cymbal
1067;cymbals
1068;cynic
1070;cytoplasm
1071;dad
1072;daffodil
1073;dagger
1074;dahlia
1075;daisy
1077;dame
1079;dancer
1080;danger
1081;daniel
1083;dart
1084;dash
1085;dashboard
1090;david
1092;daybed
1094;deadline
1099;deathwatch
1100;deborah
1102;debtor
1103;decade
1104;december
1105;decimal
1107;deck
1108;declination
1109;decongestant
1110;decrease
1111;decryption
1112;dedication
1114;defense
1115;deficit
1117;deformation
1119;delete
1122;demur
1123;den
1124;denim
1125;dentist
1126;deodorant
1130;deployment
1133;depressive
1135;deputy
1136;derby
1137;derrick
1139;desert
1144;dessert
1145;destiny
1146;destroyer
1147;destruction
1149;detainment
1150;detective
1151;detention
1152;determination
1154;deviance
1156;dew
1157;dhow
1158;diadem
1160;diaphragm
1161;diarist
1162;dibble
1163;dickey
1164;dictaphone
1165;diction
1166;dictionary
1168;dietician
1170;differential
1172;digestion
1173;digger
1174;digital
1175;dilapidation
1176;dill
1177;dime
1179;dimple
1180;diner
1181;dinghy
1184;diploma
1185;dipstick
1188;dirndl
1190;disadvantage
1191;disarmament
1193;disco
1194;disconnection
1196;discovery
1197;discrepancy
1200;disembodiment
1201;disengagement
1202;disguise
1203;disgust
1205;dishes
1206;dishwasher
1209;disposer
1212;distributor
1214;divan
1215;diver
1217;divider
1218;diving
1219;division
1220;dock
1223;doe
1225;dogsled
1226;dogwood
1227;doll
1228;dollar
1229;dolman
1231;domain
1232;donald
1234;donna
1236;doorknob
1237;doorpost
1238;dorothy
1239;dory
1242;doubling
1244;doubter
1245;downforce
1246;downgrade
1247;downtown
1251;dragster
1252;drain
1253;drake
1255;dramaturge
1257;drawbridge
1261;dredger
1263;dresser
1264;dressing
1265;drill
1268;driver
1269;driveway
1270;driving
1271;drizzle
1272;dromedary
1274;drug
1275;drum
1276;drummer
1278;dry
1279;dryer
1281;duckling
1282;dud
1283;duffel
1284;dugout
1285;dulcimer
1286;dumbwaiter
1287;dump truck
1288;dune buggy
1289;dungarees
1290;dungeon
1291;duplexer
1293;dust storm
1294;duster
1296;dwarf
1297;dwelling
1298;dynamo
1301;eardrum
1302;earmuffs
1303;earplug
1304;earrings
1306;earthquake
1309;easel
1311;eave
1312;eavesdropper
1313;e-book
1314;ecclesia
1315;eclipse
1316;ecliptic
1318;ecumenist
1319;eddy
1321;edger
1323;editorial
1325;edward
1327;effacement
1330;efficacy
1334;egghead
1335;eggnog
1336;eggplant
1337;egypt
1338;eight
1339;ejector
1340;elbow
1342;electrocardiogram
1343;element
1346;elixir
1347;elizabeth
1349;ellipse
1350;elm
1351;elongation
1352;embossing
1353;emergence
1354;emergent
1355;emery
1362;empowerment
1364;encirclement
1365;encyclopedia
1367;endothelium
1368;enemy
1373;english
1374;enigma
1375;enquiry
1381;epauliere
1382;epee
1383;ephemera
1384;ephemeris
1385;epoch
1386;eponym
1387;epoxy
1388;equinox
1390;era
1391;e-reader
1394;espadrille
1395;espalier
1399;estrogen
1400;estuary
1401;ethernet
1402;ethiopia
1403;euphonium
1404;eurocentrism
1405;europe
1406;evaluator
1408;evening-wear
1410;eviction
1412;evocation
1415;examiner
1419;exclamation
1421;executor
1422;exhaust
1423;ex-husband
1424;exile
1425;existence
1427;expansion
1428;expansionism
1432;exposition
1437;ex-wife
1439;eyeball
1440;eyebrow
1441;eyebrows
1442;eyeglasses
1443;eyelash
1444;eyelashes
1445;eyelid
1446;eyelids
1447;eyeliner
1448;eyestrain
1450;facelift
1451;facet
1452;facilities
1453;facsimile
1456;factory
1457;faculty
1458;fahrenheit
1460;fairies
1461;fairy
1463;falling-out
1467;fang
1468;fanlight
1469;fanny
1470;fanny-pack
1473;fascia
1476;father-in-law
1477;fatigues
1478;faucet
1480;fawn
1481;fax
1483;feast
1484;feather
1486;february
1487;fedelini
1488;fedora
1492;feet
1493;felony
1495;fen
1496;fence
1497;fencing
1498;fender
1499;ferry
1500;ferryboat
1501;fertilizer
1503;fiber
1504;fiberglass
1505;fibre
1506;fiction
1507;fiddle
1509;fifth
1511;fighter
1512;figurine
1515;filly
1516;filth
1519;find
1521;fine
1523;fingernail
1524;finisher
1525;fir
1527;fireman
1528;fireplace
1529;firewall
1531;fishbone
1532;fisherman
1533;fishery
1535;fishmonger
1536;fishnet
1537;fisting
1539;fixture
1540;flag
1541;flame
1542;flanker
1543;flare
1544;flash
1545;flat
1546;flatboat
1547;flavor
1548;flax
1549;fleck
1550;fleece
1551;flesh
1553;flintlock
1554;flip-flops
1555;flock
1556;flood
1558;floozie
1560;flu
1561;flugelhorn
1562;fluke
1563;flute
1565;flytrap
1566;foam
1567;fob
1569;fog
1571;folder
1572;fondue
1573;font
1577;footnote
1578;footrest
1579;foot-rest
1580;footstool
1581;foray
1583;forearm
1584;forebear
1585;forecast
1586;forehead
1587;forest
1588;forestry
1589;forgery
1590;fork
1593;format
1594;former
1595;fort
1596;fortnight
1597;fortress
1599;forum
1601;fountain
1604;foxglove
1605;fragrance
1607;france
1608;fratricide
1609;fraudster
1610;frazzle
1611;freckle
1613;freeplay
1614;freeze
1615;freezer
1616;freight
1617;freighter
1618;french
1619;freon
1620;fresco
1621;friction
1622;friday
1623;fridge
1626;frigate
1627;fringe
1628;frock
1631;frost
1632;frown
1634;frustration
1636;fulfillment
1637;full
1639;fundraising
1642;fur
1643;furnace
1644;furniture
1645;fusarium
1646;futon
1648;gaffer
1649;gaiters
1650;gale
1651;gall-bladder
1652;galleon
1653;gallery
1654;galley
1655;gallon
1656;galoshes
1658;gamebird
1659;gamma-ray
1660;gander
1663;garb
1666;garlic
1667;garment
1668;garter
1670;gasoline
1671;gastropod
1673;gateway
1675;gauge
1676;gauntlet
1677;gazebo
1680;gearshift
1681;geese
1682;gelding
1683;gem
1684;gemini
1685;gemsbok
1686;gender
1689;genetics
1690;geography
1691;geology
1692;geometry
1693;george
1694;geranium
1696;geriatrician
1697;german
1698;germany
1699;geyser
1700;ghana
1701;gherkin
1702;ghost
1703;giant
1704;gigantism
1705;ginseng
1707;girdle
1710;git
1712;gladiolus
1713;gland
1715;glasses
1716;glen
1717;glider
1718;gliding
1719;glockenspiel
1721;gloves
1722;glue
1723;glut
1726;gobbler
1727;godmother
1728;goggles
1729;go-kart
1733;gondola
1734;gong
1736;goodbye
1737;good-bye
1738;goodie
1741;gore-tex
1743;gosling
1744;governance
1746;governor
1747;gown
1748;grab-bag
1750;grain
1751;gram
1752;granddaughter
1754;grandmom
1756;grandson
1757;granny
1758;grape
1759;grapefruit
1760;graph
1761;graphic
1764;grassland
1765;gray
1766;grease
1768;great-grandfather
1769;great-grandmother
1770;greece
1771;greek
1773;greenhouse
1774;grenade
1775;grey
1776;grief
1777;grill
1778;grip
1779;grit
1783;grouper
1787;guatemalan
1789;guestbook
1792;guilty
1794;guitarist
1795;gum
1796;gumshoes
1797;gun
1798;gutter
1800;gym
1801;gymnast
1802;gynaecology
1803;gyro
1804;hacienda
1805;hacksaw
1806;hackwork
1807;hail
1809;haircut
1811;half-brother
1812;half-sister
1815;hallway
1816;hamaki
1817;hamburger
1818;hammer
1819;hammock
1822;handball
1823;hand-holding
1824;handicap
1826;handlebar
1827;handmaiden
1828;handsaw
1830;harbor
1831;harbour
1832;hardboard
1833;hardcover
1834;hardening
1835;hardhat
1836;hard-hat
1837;hardware
1839;harmonica
1840;harmony
1841;harp
1842;harpooner
1843;harpsichord
1844;hassock
1846;hatbox
1847;hatchet
1849;haunt
1850;haversack
1852;hay
1854;headlight
1855;headline
1856;headrest
1860;heartache
1861;hearth
1862;hearthside
1863;heart-throb
1864;heartwood
1866;heater
1867;heaven
1869;hedge
1871;heel
1873;heirloom
1874;helen
1875;helicopter
1876;helium
1878;hellcat
1879;helmet
1880;helo
1882;hemp
1883;hen
1884;herb
1887;hexagon
1888;heyday
1892;high-rise
1894;hill
1895;himalayan
1896;hip
1897;hippodrome
1902;hive
1903;hobbies
1904;hobbit
1905;hobby
1906;hockey
1907;hoe
1908;hog
1914;homogenate
1915;homonym
1917;honeybee
1918;honoree
1919;hood
1920;hoof
1923;hops
1924;horn
1927;hose
1928;hosiery
1929;hospice
1932;hostel
1933;hostess
1934;hot
1935;hot-dog
1938;hourglass
1940;houseboat
1942;hovel
1943;hovercraft
1944;howitzer
1945;hub
1946;hubcap
1947;hugger
1949;humidity
1950;humor
1951;hunger
1952;hurdler
1953;hurricane
1957;hut
1958;hutch
1959;hyacinth
1960;hybridisation
1961;hydrant
1962;hydraulics
1963;hydrofoil
1964;hydrogen
1966;hygienic
1967;hyphenation
1968;hypochondria
1969;hypothermia
1971;icebreaker
1972;icecream
1973;ice-cream
1974;icicle
1975;icon
1978;igloo
1979;ikebana
1988;imprisonment
1990;impudence
1991;impulse
1992;inbox
1993;incandescence
1994;inch
1999;index
2000;india
2002;indigence
2003;indonesia
2005;infancy
2006;inflammation
2009;infusion
2010;inglenook
2011;ingrate
2014;in-joke
2016;ink
2017;in-laws
2018;inlay
2019;inn
2020;innervation
2021;innocent
2022;input
2023;inquiry
2024;inscription
2027;insolence
2032;instrument
2033;instrumentalist
2034;instrumentation
2035;insulation
2037;insurgence
2038;intelligence
2041;interactive
2043;interferometer
2044;interior
2045;interloper
2048;interpreter
2049;intervenor
2051;interviewer
2052;intestine
2053;intestines
2055;invention
2056;inventor
2057;inventory
2060;invoice
2061;ipad
2062;iran
2063;iraq
2064;iridescence
2065;iris
2067;ironclad
2069;israel
2071;italy
2075;jail
2076;jailhouse
2077;jam
2078;james
2079;january
2080;japan
2081;japanese
2082;jar
2083;jasmine
2084;jason
2085;jaw
2086;jeans
2087;jeep
2088;jeff
2089;jelly
2091;jennifer
2092;jet
2093;jewel
2094;jewelry
2095;jiffy
2097;jockey
2098;jodhpurs
2099;joey
2100;jogging
2101;john
2104;joseph
2105;jot
2106;journey
2109;judo
2110;juggernaut
2112;july
2113;jumbo
2115;jumper
2116;jumpsuit
2117;june
2119;junk
2120;junker
2121;junket
2123;justice
2124;jute
2125;kale
2126;kamikaze
2128;karate
2129;karen
2130;kayak
2131;kazoo
2132;kendo
2133;kenneth
2134;kenya
2135;ketch
2136;ketchup
2137;kettle
2138;kettledrum
2139;kevin
2141;keyboard
2142;keyboarding
2143;keystone
2145;kick-off
2147;kidney
2148;kidneys
2149;kielbasa
2151;kilogram
2152;kilometer
2153;kilt
2154;kimberly
2155;kimono
2158;kingfish
2159;kiosk
2163;kitten
2164;kitty
2165;kleenex
2166;klomps
2168;kneejerk
2169;knickers
2171;knife-edge
2172;knight
2173;knitting
2174;knot
2176;knuckle
2178;kohlrabi
2179;korean
2181;laborer
2182;lace
2183;lacquerware
2188;lamb
2189;lamp
2190;lan
2191;lanai
2193;landform
2194;landmine
2196;lantern
2197;lap
2198;laparoscope
2199;lapdog
2200;laptop
2201;larch
2202;larder
2204;laryngitis
2205;lasagna
2206;latency
2207;latex
2208;lathe
2209;latte
2211;laundry
2212;laura
2214;lawn
2215;lawsuit
2221;leaf
2223;leaker
2224;learning
2225;leash
2227;leaver
2229;leek
2231;legal
2232;legging
2233;legume
2234;lei
2235;lemon
2236;lemonade
2239;lentil
2240;leo
2242;leotard
2243;leprosy
2246;lettuce
2248;lever
2249;leverage
2250;libra
2251;librarian
2253;license
2254;lier
2258;lighting
2259;lightning
2260;lilac
2261;lily
2263;limo
2265;linen
2266;liner
2268;linseed
2271;lipstick
2272;liquid
2273;liquor
2274;lisa
2277;litigation
2278;litter
2279;liver
2283;loaf
2284;loafer
2286;lobotomy
2290;locker
2291;locket
2292;locomotive
2294;loft
2296;loggia
2297;loincloth
2300;lot
2301;lotion
2302;lounge
2303;lout
2306;loyalty
2308;luggage
2309;lumber
2310;lumberman
2312;luncheonette
2313;lunchroom
2314;lung
2315;lunge
2316;lute
2317;luttuce
2318;lycra
2319;lye
2320;lymphocyte
2322;lyocell
2323;lyre
2324;lyric
2325;macadamia
2326;macaroni
2328;macrame
2329;macrofauna
2330;maelstrom
2331;maestro
2333;magic
2334;magician
2335;maid
2336;maiden
2338;mailbox
2339;mailman
2342;major-league
2343;makeup
2344;malaysia
2347;mallet
2348;mambo
2349;mammoth
2353;mandarin
2354;mandolin
2355;mangrove
2356;manhunt
2357;maniac
2358;manicure
2360;manor
2361;mansard
2362;manservant
2363;mansion
2364;mantel
2365;mantle
2366;mantua
2368;manx
2370;maple
2371;maraca
2372;maracas
2373;marble
2375;mare
2376;margaret
2377;margin
2378;maria
2379;mariachi
2380;marimba
2384;marksman
2386;marsh
2387;marshland
2388;marxism
2389;mary
2390;mascara
2391;mask
2392;mass
2393;massage
2395;mastication
2396;mastoid
2397;mat
2401;mattock
2402;mattress
2404;may
2406;mayonnaise
2407;mayor
2410;measure
2413;mechanic
2419;megalomaniac
2420;melody
2424;men
2425;menorah
2428;mercury
2432;metallurgist
2433;meteor
2434;meteorology
2435;meter
2436;methane
2438;methodology
2439;metro
2440;metronome
2441;mexican
2442;mexico
2443;mezzanine
2444;mice
2445;michael
2446;michelle
2447;microlending
2448;microwave
2449;mid-course
2451;middleman
2452;midi
2453;midline
2455;midwife
2457;migrant
2458;mile
2460;milkshake
2461;millennium
2462;millimeter
2463;millisecond
2464;mime
2465;mimosa
2468;mini
2469;minibus
2470;minion
2471;mini-skirt
2472;minister
2474;minor-league
2475;mint
2478;miscarriage
2479;miscommunication
2480;misfit
2481;misogyny
2482;misplacement
2483;misreading
2484;missile
2486;mist
2488;mister
2489;miter
2490;mitten
2492;mixer
2494;moat
2496;moccasins
2497;mocha
2500;modem
2504;monastery
2505;monasticism
2506;monday
2508;monger
2511;monocle
2512;monotheism
2513;monsoon
2514;monster
2517;moon
2518;moonscape
2519;moonshine
2520;mop
2521;mormon
2523;morocco
2524;morsel
2525;mortise
2526;mosque
2529;motel
2532;mother-in-law
2533;motion
2535;motorboat
2536;motorcar
2537;motorcycle
2538;mound
2541;mouser
2542;mousse
2543;moustache
2545;mouton
2547;mover
2549;mower
2551;mug
2552;mukluk
2554;multimedia
2556;musculature
2557;museum
2559;music-box
2560;musician
2561;music-making
2562;mustache
2563;mustard
2564;mutt
2566;mycoplasma
2569;naming
2570;nancy
2571;nanoparticle
2572;napkin
2573;narcissus
2575;naturalisation
2579;necklace
2580;necktie
2581;necromancer
2582;need
2583;needle
2584;negligee
2586;neologism
2587;neon
2588;nepal
2589;nephew
2591;nest
2593;netball
2594;netbook
2595;netsuke
2597;neurobiologist
2598;neuropathologist
2599;neuropsychiatry
2602;newsprint
2603;newsstand
2604;nexus
2605;nic
2606;nicety
2607;niche
2608;nickel
2609;niece
2610;nigeria
2612;nightclub
2613;nightgown
2615;nightlight
2616;nitrogen
2617;node
2619;nonbeliever
2620;nonconformist
2621;nondisclosure
2622;noodle
2624;norse
2626;north america
2627;north korea
2630;notebook
2632;notify
2633;notoriety
2634;nougat
2636;november
2637;nudge
2639;numeracy
2640;numeric
2641;numismatist
2643;nursery
2644;nurture
2645;nut
2646;nylon
2647;oak
2648;oar
2649;oasis
2650;oatmeal
2651;obi
2654;oboe
2655;observation
2656;observatory
2658;occupation
2659;ocean
2661;octagon
2662;octave
2663;octavo
2664;octet
2665;october
2667;odometer
2668;oeuvre
2669;offence
2673;off-ramp
2675;okra
2676;oldie
2677;olive
2678;omega
2679;omelet
2680;oncology
2681;one
2682;onion
2683;open
2685;opera
2687;ophthalmologist
2689;opium
2691;opportunist
2697;orator
2698;orchard
2699;orchestra
2700;orchid
2703;ordination
2704;organ
2705;organisation
2708;ornament
2709;osmosis
2710;osprey
2712;others
2714;ottoman
2715;ounce
2716;outback
2718;outfit
2719;outhouse
2720;outlay
2721;output
2722;outrigger
2723;outset
2725;oval
2726;ovary
2728;overcharge
2729;overclocking
2730;overcoat
2731;overexertion
2732;overflight
2733;overnighter
2734;overshoot
2738;oxen
2739;oxford
2740;oxygen
2741;oyster
2742;pacemaker
2745;packet
2746;pad
2747;paddle
2748;paddock
2750;pagoda
2751;pail
2754;painter
2756;paintwork
2758;pajama
2759;pajamas
2760;pakistan
2761;paleontologist
2762;paleontology
2763;palm
2764;pamphlet
2765;pan
2766;pancake
2767;pancreas
2770;pannier
2771;panpipe
2772;pansy
2774;panties
2775;pantry
2776;pants
2777;pantsuit
2778;panty
2779;pantyhose
2781;paperback
2782;parable
2783;parachute
2784;parade
2785;parallelogram
2786;paramedic
2787;parcel
2788;parchment
2790;parentheses
2792;parka
2794;parsnip
2796;participant
2797;particle
2803;passbook
2806;passive
2807;pasta
2808;paste
2809;pastor
2810;pastoralist
2811;pastry
2812;patch
2816;patina
2817;patio
2818;patriarch
2819;patricia
2820;patrimony
2821;patriot
2822;patrol
2824;paul
2825;pavement
2826;pavilion
2827;paw
2828;pawnshop
2829;payee
2831;pea
2833;peach
2834;peacoat
2837;peanut
2838;pear
2839;pearl
2840;pedal
2841;pedestrian
2842;pediatrician
2843;peen
2844;peer
2845;peer-to-peer
2846;pegboard
2848;pelt
2851;pencil
2852;pendant
2853;pendulum
2854;penicillin
2856;pentagon
2857;peony
2859;pepper
2864;perfume
2866;periodical
2867;peripheral
2868;permafrost
2871;perp
2875;peru
2876;pest
2877;pet
2878;petal
2879;petticoat
2880;pew
2881;pharmacist
2882;pharmacopoeia
2885;philippines
2886;philosopher
2890;photographer
2893;physician
2895;pianist
2897;piccolo
2899;pickax
2900;picket
2901;pickle
2905;pier
2906;piety
2910;pile
2911;pilgrimage
2912;pillbox
2913;pillow
2914;pilot
2915;pimp
2916;pimple
2918;pinafore
2919;pince-nez
2920;pine
2921;pineapple
2922;pinecone
2923;ping
2924;pink
2925;pinkie
2926;pinstripe
2927;pint
2928;pinto
2929;pinworm
2930;pioneer
2932;piracy
2934;pisces
2935;piss
2937;pitching
2938;pith
2941;plain
2943;planet
2945;plantation
2946;planter
2947;plaster
2948;plasterboard
2952;platinum
2956;playground
2957;playroom
2959;pleated
2960;plier
2961;plot
2962;plough
2963;plover
2964;plow
2965;plowman
2966;plume
2967;plunger
2968;plywood
2969;pneumonia
2970;pocket
2971;pocketbook
2972;pocket-watch
2976;poignance
2978;poison
2979;poisoning
2980;poland
2981;pole
2982;polenta
2984;policeman
2986;polish
2987;politician
2990;polo
2991;polyester
2992;pompom
2993;poncho
2994;pond
2996;poof
2998;popcorn
2999;poppy
3000;popsicle
3002;populist
3003;porch
3005;port
3006;porter
3007;portfolio
3008;porthole
3013;postage
3014;postbox
3015;poster
3019;potty
3020;pouch
3021;poultry
3023;pounding
3024;powder
3026;precedent
3027;precipitation
3028;preface
3030;prelude
3031;premeditation
3032;premier
3033;preoccupation
3038;pressroom
3040;pressurisation
3044;priesthood
3047;prince
3048;princess
3049;principal
3051;printer
3053;prison
3055;prizefight
3056;probation
3060;processing
3062;producer
3064;production
3073;proof-reader
3074;propane
3077;prose
3078;prosecution
3080;protest
3081;protocol
3082;prow
3083;pruner
3084;pseudoscience
3085;psychiatrist
3086;psychoanalyst
3087;psychologist
3090;publisher
3091;pudding
3092;puddle
3095;pulley
3097;pump
3098;pumpkin
3099;pumpkinseed
3101;punishment
3102;pupa
3103;pupil
3104;puppy
3106;puritan
3109;purse
3111;pusher
3113;pvc
3114;pyjama
3115;pyramid
3116;quadrant
3120;quart
3122;quartz
3125;quicksand
3127;quill
3128;quilt
3129;quince
3131;quiver
3132;quotation
3133;rabbi
3137;racer
3138;racing
3139;racist
3140;rack
3141;radar
3142;radiator
3144;radiosonde
3145;radish
3146;raffle
3147;raft
3148;rag
3149;rage
3150;rail
3151;railway
3152;raiment
3154;rainbow
3155;raincoat
3156;rainmaker
3157;rainstorm
3159;rake
3160;ram
3161;rambler
3162;ramie
3163;ranch
3164;random
3165;randomisation
3167;rank
3168;raspberry
3173;ravioli
3175;rawhide
3176;ray
3177;rayon
3178;reactant
3183;reamer
3184;rear
3186;receipt
3188;recess
3190;recliner
3194;recorder
3197;recruit
3198;rectangle
3200;redesign
3201;rediscovery
3202;reduction
3203;reef
3204;refectory
3207;refund
3213;regulation
3215;reinscription
3216;reject
3220;religion
3221;relish
3222;reminder
3225;reparation
3227;replace
3229;replication
3233;reprocessing
3238;resale
3245;respite
3251;retailer
3252;rethinking
3253;retina
3254;retouch
3257;revenant
3261;revolve
3262;revolver
3264;rheumatism
3266;rhyme
3267;rhythm
3269;richard
3270;riddle
3272;rider
3273;ridge
3274;rifle
3275;right
3276;rim
3278;ringworm
3279;ripple
3281;riser
3283;river
3284;riverbed
3285;rivulet
3287;roadway
3288;roast
3289;robe
3290;robert
3291;robin
3293;rocker
3294;rocket
3295;rocket-ship
3296;rod
3299;roller
3300;romania
3301;ronald
3305;root
3307;rose
3308;rostrum
3309;rotate
3310;roundabout
3311;route
3312;router
3315;rowboat
3318;rubber
3319;rubric
3320;ruckus
3321;ruffle
3322;rugby
3325;runaway
3326;runner
3327;russia
3328;rutabaga
3329;ruth
3330;sabre
3331;sack
3333;saddle
3336;sage
3337;sagittarius
3339;sailboat
3340;sailor
3344;salesman
3346;salon
3347;saloon
3349;samovar
3350;sampan
3352;samurai
3354;sandals
3355;sandbar
3356;sandra
3358;santa
3359;sarah
3360;sardine
3361;sari
3362;sarong
3363;sash
3364;satellite
3365;satin
3366;satire
3368;saturday
3369;sauce
3370;saudi arabia
3371;sausage
3373;saving
3374;savior
3375;saviour
3376;saw
3377;saxophone
3379;scallion
3380;scanner
3381;scarecrow
3382;scarf
3383;scarification
3385;scent
3388;schizophrenic
3389;schnitzel
3391;schoolhouse
3392;schooner
3394;scimitar
3395;scissors
3396;scooter
3398;scorn
3399;scorpio
3401;scow
3402;scraper
3403;screamer
3405;screenwriting
3407;screwdriver
3408;screw-up
3409;scrim
3410;scrip
3411;sculpting
3412;sculpture
3414;seagull
3415;seal
3416;seaplane
3418;seashore
3422;secretariat
3425;sectional
3427;secure
3429;seed
3430;seeder
3431;segment
3432;select
3436;semicircle
3437;semicolon
3438;senator
3441;sepal
3442;september
3443;septicaemia
3445;servant
3446;server
3451;settler
3452;sewer
3454;shack
3455;shade
3456;shadow
3457;shadowbox
3459;shakedown
3460;shaker
3461;shallot
3463;shampoo
3464;shanty
3468;sharon
3469;shawl
3470;shearling
3471;shears
3472;sheath
3473;shed
3475;sheet
3476;shelf
3477;shell
3478;sherry
3479;shield
3481;shin
3483;shingle
3486;shirtdress
3487;shoat
3490;shoehorn
3491;shoe-horn
3492;shoelace
3493;shoemaker
3494;shoes
3495;shoestring
3496;shofar
3498;shootdown
3500;shopper
3502;shore
3503;shortage
3504;shorts
3505;shortwave
3508;shovel
3511;show-stopper
3512;shred
3514;shrine
3515;siamese
3516;sibling
3519;sideboard
3520;sideburns
3521;sidecar
3522;sidestream
3523;sidewalk
3524;siding
3527;signet
3529;signup
3530;silica
3531;silk
3533;sill
3534;silo
3543;sister-in-law
3544;sit
3545;sitar
3548;skate
3549;skiing
3553;skulduggery
3554;skull
3555;skullcap
3556;skullduggery
3559;skylight
3560;skyscraper
3561;skywalk
3562;slapstick
3563;slash
3564;slave
3565;sled
3566;sledge
3568;sleet
3569;sleuth
3571;slider
3572;slime
3574;slipper
3575;slippers
3576;slope
3578;smash
3580;smelting
3582;smock
3583;smog
3585;smuggling
3588;snakebite
3589;sneakers
3590;sneeze
3591;snob
3592;snorer
3594;snowboarding
3595;snowflake
3596;snowman
3597;snowmobiling
3598;snowplow
3599;snowstorm
3600;snowsuit
3601;snuggle
3602;soap
3603;soccer
3605;sociology
3607;socks
3608;soda
3609;sofa
3610;softball
3611;softdrink
3612;softening
3615;soldier
3617;solitaire
3619;sombrero
3620;somersault
3624;songbird
3625;sonnet
3626;soot
3627;soprano
3628;sorbet
3630;soulmate
3634;sourwood
3635;sousaphone
3637;south africa
3638;south america
3639;south korea
3640;sow
3641;soy
3642;soybean
3644;spacing
3645;spade
3646;spaghetti
3647;spain
3648;spandex
3649;spank
3650;spark
3652;spasm
3654;speakerphone
3655;spear
3659;spectacle
3660;spectacles
3661;spectrograph
3663;speedboat
3665;sphere
3666;sphynx
3668;spike
3669;spinach
3670;spine
3671;spiral
3675;spleen
3677;sponge
3678;spoon
3681;spotlight
3685;sprinter
3686;sprout
3687;spruce
3688;spume
3689;spur
3690;spy
3692;squash
3693;squatter
3694;squeegee
3698;stack
3699;stacking
3700;stadium
3702;stag
3704;stain
3705;stair
3706;staircase
3707;stallion
3708;stamen
3709;stamina
3710;stamp
3711;stance
3712;standoff
3715;starter
3719;station-wagon
3720;statistic
3721;statistician
3724;steam
3725;steamroller
3726;steel
3727;steeple
3728;stem
3729;stencil
3731;step-aunt
3732;step-brother
3733;stepdaughter
3734;step-daughter
3735;step-father
3736;step-grandfather
3737;step-grandmother
3738;stepmother
3739;step-mother
3740;stepping-stone
3741;steps
3742;step-sister
3743;stepson
3744;step-son
3745;step-uncle
3746;steven
3747;stew
3749;stiletto
3751;stinger
3752;stitch
3754;stocking
3755;stockings
3756;stock-in-trade
3757;stole
3759;stone
3760;stonework
3761;stool
3763;stopsign
3764;stopwatch
3767;storey
3770;storyboard
3771;story-telling
3772;stove
3773;strait
3775;strap
3777;straw
3778;strawberry
3779;stream
3781;streetcar
3789;stud
3794;stumbling
3797;styling
3798;stylus
3799;subcomponent
3800;subconscious
3801;submarine
3802;subroutine
3803;subsidence
3805;suburb
3806;subway
3809;sudan
3810;suede
3811;suffocation
3815;suitcase
3816;sultan
3819;sunbeam
3820;sunbonnet
3821;sunday
3822;sundial
3823;sunflower
3824;sunglasses
3825;sunlamp
3826;sunroom
3827;sunshine
3829;supply
3831;supporter
3832;suppression
3833;surface
3834;surfboard
3835;surgeon
3837;surname
3839;susan
3840;sushi
3842;suspenders
3843;sustainment
3844;suv
3846;swamp
3848;swath
3849;sweat
3850;sweater
3851;sweats
3852;sweatshirt
3853;sweatshop
3854;sweatsuit
3855;swedish
3856;sweets
3857;swell
3860;swimsuit
3862;swiss
3864;switchboard
3865;swivel
3866;sword
3868;sycamore
3870;syndicate
3871;synergy
3872;synod
3873;syria
3874;syrup
3876;tabby
3877;tabernacle
3879;tablecloth
3880;tabletop
3881;tachometer
3883;tadpole
3884;tail
3885;tailor
3886;tailspin
3887;taiwan
3890;tam
3891;tambour
3892;tambourine
3893;tam-o'-shanter
3894;tandem
3895;tangerine
3897;tanker
3898;tankful
3899;tank-top
3900;tanzania
3903;tassel
3905;tatami
3906;tattler
3907;tattoo
3908;taurus
3909;tavern
3911;taxi
3912;taxicab
3918;technician
3919;technologist
3921;teen
3922;teeth
3924;telescreen
3925;teletype
3927;teller
3928;temp
3929;temper
3931;temple
3932;tempo
3933;temporariness
3934;temptress
3935;tendency
3936;tenement
3938;tenor
3940;tent
3941;tepee
3943;terracotta
3944;terrapin
3945;territory
3948;textbook
3949;texture
3950;thailand
3952;thaw
3953;theater
3954;theism
3956;theoretician
3958;therapist
3959;thermals
3960;thermometer
3961;thigh
3963;thinking
3964;thistle
3965;thomas
3966;thong
3967;thongs
3968;thorn
3970;thread
3971;thrill
3973;throne
3975;thumb
3976;thunder
3977;thunderbolt
3978;thunderhead
3979;thunderstorm
3980;thursday
3981;tiara
3982;tic
3986;tight
3987;tights
3988;tile
3990;timbale
3992;timeline
3993;timeout
3994;timer
3995;timpani
3996;tin
3997;tinderbox
3998;tinkle
3999;tintype
4001;tire
4002;tissue
4003;titanium
4006;toast
4008;toenail
4009;toga
4010;togs
4011;toilet
4012;tom
4013;tomato
4014;tomography
4016;tom-tom
4017;ton
4019;toot
4021;toothbrush
4022;toothpaste
4023;toothpick
4025;top-hat
4027;topsail
4028;toque
4029;torchiere
4030;toreador
4031;tornado
4032;torso
4033;tortellini
4035;tosser
4040;tough-guy
4046;townhouse
4047;tow-truck
4048;toy
4049;trachoma
4051;tracksuit
4052;tractor
4055;traditionalism
4057;trail
4058;trailer
4062;tram
4063;tramp
4064;transaction
4065;translation
4066;transmission
4067;transom
4068;transport
4070;trapdoor
4071;trapezium
4072;trapezoid
4075;tray
4076;treatment
4078;trellis
4079;tremor
4080;trench
4081;trial
4082;triangle
4083;tribe
4085;trigonometry
4086;trim
4087;trinket
4089;tripod
4090;trolley
4091;trombone
4092;trooper
4094;trousers
4096;trove
4097;trowel
4099;truckit
4100;trumpet
4101;trunk
4105;t-shirt
4106;tsunami
4107;tub
4108;tuba
4109;tube
4110;tuesday
4111;tugboat
4112;tulip
4113;tummy
4116;tune-up
4117;tunic
4118;tunnel
4119;turban
4121;turkish
4123;turnip
4124;turnover
4125;turnstile
4126;turret
4128;tussle
4129;tutu
4130;tuxedo
4131;tv
4132;twig
4133;twilight
4134;twine
4136;twister
4137;two
4138;typewriter
4139;typhoon
4140;tyvek
4141;uganda
4142;ukraine
4143;ukulele
4144;umbrella
4145;unblinking
4147;underclothes
4148;underground
4149;underneath
4150;underpants
4151;underpass
4152;undershirt
4154;underwear
4155;underwire
4156;unibody
4157;uniform
4160;united kingdom
4162;urn
4165;usher
4166;utensil
4167;uzbekistan
4169;vacuum
4170;vagrant
4171;valance
4172;valley
4175;van
4176;vane
4177;vanity
4180;vase
4182;vault
4183;vaulting
4184;veal
4186;vegetarian
4188;veil
4189;vein
4190;veldt
4191;vellum
4192;velodrome
4193;velvet
4194;venezuela
4195;venezuelan
4196;venom
4197;veranda
4198;verdict
4199;vermicelli
4200;verse
4202;vertigo
4203;verve
4204;vessel
4205;vest
4206;vestment
4207;vibe
4208;vibraphone
4209;vibration
4211;vietnam
4213;villa
4215;vineyard
4216;vinyl
4217;viola
4218;violet
4219;violin
4220;virginal
4221;virgo
4222;virtue
4224;viscose
4225;vise
4226;vision
4228;visitor
4229;visor
4230;vixen
4232;volcano
4233;volleyball
4235;voyage
4237;wad
4238;wafer
4239;waffle
4240;waist
4241;waistband
4242;waiter
4243;waitress
4245;walker
4246;walkway
4249;wallet
4250;walnut
4252;wampum
4253;wannabe
4255;warden
4256;warlock
4257;warm-up
4260;washbasin
4261;washcloth
4262;washer
4263;washtub
4265;waste
4266;wastebasket
4268;watchmaker
4270;waterbed
4271;waterfall
4272;waterskiing
4273;waterspout
4275;wax
4279;weapon
4284;wedge
4285;wednesday
4286;weed
4287;weeder
4288;weedkiller
4291;weekender
4294;well
4297;wet-bar
4298;wetsuit
4300;wharf
4302;whip
4303;whirlpool
4304;whirlwind
4305;whisker
4306;whiskey
4307;whistle
4310;wholesale
4311;wholesaler
4312;whorl
4314;wilderness
4316;william
4317;willow
4319;windage
4320;wind-chime
4322;windscreen
4323;windshield
4326;wingman
4327;wingtip
4330;wire
4331;wiseguy
4333;wisteria
4334;witch
4335;witch-hunt
4336;withdrawal
4341;women
4343;woodland
4344;woodshed
4345;woodwind
4346;wool
4347;woolen
4350;workbench
4352;workhorse
4353;worklife
4354;workshop
4357;worthy
4358;wound
4360;wraparound
4361;wrecker
4363;wrench
4364;wrestler
4365;wrinkle
4366;wrist
4369;wrong
4370;xylophone
4371;yacht
4373;yam
4375;yarmulke
4376;yarn
4377;yawl
4381;yew
4382;yin
4383;yogurt
4384;yoke
4387;yurt
4388;zampone
4390;zebrafish
4391;zephyr
4392;ziggurat
4393;zinc
4394;zipper
4395;zither
4397;zoo
4398;zoologist
4399;zoology
4400;zoot-suit
4401;zucchini
4402;people
4403;history
4404;way
4405;art
4406;world
4407;information
4408;map
4409;family
4410;government
4411;health
4412;system
4413;computer
4414;meat
4415;year
4416;thanks
4417;music
4418;person
4419;reading
4420;method
4421;data
4422;food
4423;understanding
4424;theory
4425;law
4427;literature
4428;problem
4429;software
4430;control
4431;knowledge
4432;power
4433;ability
4434;economics
4435;love
4436;internet
4437;television
4438;science
4439;library
4440;nature
4441;fact
4442;product
4443;idea
4444;temperature
4445;investment
4446;area
4447;society
4448;activity
4449;story
4450;industry
4451;media
4452;thing
4453;oven
4454;community
4455;definition
4456;safety
4457;quality
4458;development
4459;language
4460;management
4461;player
4462;variety
4463;video
4464;week
4465;security
4466;country
4467;exam
4468;movie
4469;organization
4470;equipment
4471;physics
4472;analysis
4473;policy
4474;series
4475;thought
4476;basis
4477;boyfriend
4478;direction
4479;strategy
4480;technology
4481;army
4482;camera
4483;freedom
4484;paper
4485;environment
4486;child
4487;instance
4488;month
4489;truth
4490;marketing
4491;university
4492;writing
4493;article
4494;department
4495;difference
4496;goal
4497;news
4498;audience
4499;fishing
4500;growth
4501;income
4502;marriage
4503;user
4504;combination
4505;failure
4506;meaning
4507;medicine
4508;philosophy
4509;teacher
4510;communication
4511;night
4512;chemistry
4513;disease
4514;disk
4515;energy
4516;nation
4517;road
4518;role
4519;soup
4520;advertising
4521;location
4522;success
4523;addition
4524;apartment
4525;education
4526;math
4527;moment
4528;painting
4529;politics
4530;attention
4531;decision
4532;event
4533;property
4534;shopping
4535;student
4536;wood
4537;competition
4538;distribution
4539;entertainment
4540;office
4541;population
4542;president
4543;unit
4544;category
4545;cigarette
4546;context
4547;introduction
4548;opportunity
4549;performance
4550;d
4551;flight
4552;length
4553;magazine
4554;newspaper
4555;relationship
4556;teaching
4557;cell
4558;dealer
4559;finding
4560;lake
4561;member
4562;message
4563;phone
4564;scene
4565;appearance
4566;association
4567;concept
4568;customer
4569;death
4570;discussion
4571;housing
4572;inflation
4573;insurance
4574;mood
4575;woman
4576;advice
4577;blood
4578;effort
4579;expression
4580;importance
4581;opinion
4582;payment
4583;reality
4584;responsibility
4585;situation
4586;skill
4587;statement
4588;wealth
4589;application
4590;city
4591;county
4592;depth
4593;estate
4594;foundation
4595;grandmother
4596;heart
4597;perspective
4598;photo
4599;recipe
4600;studio
4601;topic
4602;collection
4603;depression
4604;imagination
4605;passion
4606;percentage
4607;resource
4608;setting
4609;ad
4610;agency
4611;college
4612;connection
4613;criticism
4614;debt
4615;description
4616;memory
4617;patience
4618;secretary
4619;solution
4620;administration
4621;aspect
4622;attitude
4623;director
4624;personality
4625;psychology
4626;recommendation
4627;response
4628;selection
4629;storage
4630;version
4631;alcohol
4632;argument
4633;complaint
4634;contract
4635;emphasis
4636;highway
4637;loss
4638;membership
4639;possession
4640;preparation
4641;steak
4642;union
4643;agreement
4644;cancer
4645;currency
4646;employment
4647;engineering
4648;entry
4649;interaction
4650;mixture
4651;preference
4652;region
4653;republic
4654;tradition
4655;virus
4656;actor
4657;classroom
4658;delivery
4659;device
4660;difficulty
4661;drama
4662;election
4663;engine
4664;football
4665;guidance
4666;hotel
4667;owner
4668;priority
4669;protection
4670;suggestion
4671;tension
4672;variation
4673;anxiety
4674;atmosphere
4675;awareness
4676;bath
4677;bread
4678;candidate
4679;climate
4680;comparison
4681;confusion
4682;construction
4683;elevator
4684;emotion
4685;employee
4686;employer
4687;guest
4688;height
4689;leadership
4690;mall
4691;manager
4692;operation
4693;recording
4694;sample
4695;transportation
4696;charity
4697;cousin
4698;disaster
4699;editor
4700;efficiency
4701;excitement
4702;extent
4703;feedback
4704;guitar
4705;homework
4706;leader
4707;mom
4708;outcome
4709;permission
4710;presentation
4711;promotion
4712;reflection
4713;refrigerator
4714;resolution
4715;revenue
4716;session
4717;singer
4718;tennis
4719;basket
4720;bonus
4721;cabinet
4722;childhood
4723;church
4724;clothes
4725;coffee
4726;dinner
4727;drawing
4728;hair
4729;hearing
4730;initiative
4731;judgment
4732;lab
4733;measurement
4734;mode
4735;mud
4736;orange
4737;poetry
4738;police
4739;possibility
4740;procedure
4741;queen
4742;ratio
4743;relation
4744;restaurant
4745;satisfaction
4746;sector
4747;signature
4748;significance
4749;song
4750;tooth
4751;town
4752;vehicle
4753;volume
4754;wife
4755;accident
4756;airport
4757;appointment
4758;arrival
4759;assumption
4760;baseball
4761;chapter
4762;committee
4763;conversation
4764;database
4765;enthusiasm
4766;error
4767;explanation
4768;farmer
4769;gate
4770;girl
4771;hall
4772;historian
4773;hospital
4774;injury
4775;instruction
4776;maintenance
4777;manufacturer
4778;meal
4779;perception
4780;pie
4781;poem
4782;presence
4783;proposal
4784;reception
4785;replacement
4786;revolution
4788;son
4789;speech
4790;tea
4791;village
4792;warning
4793;winner
4794;worker
4795;writer
4796;assistance
4797;breath
4798;buyer
4799;chest
4800;chocolate
4801;conclusion
4802;contribution
4803;cookie
4804;courage
4805;desk
4806;drawer
4807;establishment
4808;examination
4809;garbage
4810;grocery
4811;honey
4812;impression
4813;improvement
4814;independence
4815;insect
4816;inspection
4817;inspector
4818;king
4819;ladder
4820;menu
4821;penalty
4822;piano
4823;potato
4824;profession
4825;professor
4826;quantity
4827;reaction
4828;requirement
4829;salad
4830;sister
4831;supermarket
4832;tongue
4833;weakness
4834;wedding
4835;affair
4836;ambition
4837;analyst
4838;apple
4839;assignment
4840;assistant
4841;bathroom
4842;bedroom
4843;beer
4844;birthday
4845;celebration
4846;championship
4847;cheek
4848;client
4849;consequence
4850;departure
4851;diamond
4852;dirt
4853;ear
4854;fortune
4855;friendship
4856;funeral
4857;gene
4858;girlfriend
4859;hat
4860;indication
4861;intention
4862;lady
4863;midnight
4864;negotiation
4865;obligation
4866;passenger
4867;pizza
4868;platform
4869;poet
4870;pollution
4871;recognition
4872;reputation
4873;shirt
4874;sir
4875;speaker
4876;stranger
4877;surgery
4878;sympathy
4879;tale
4880;throat
4881;trainer
4882;uncle
4883;youth
4884;time
4885;work
4886;film
4887;water
4888;money
4889;example
4890;while
4891;business
4892;study
4893;game
4894;life
4895;form
4896;air
4897;day
4898;place
4899;number
4900;part
4901;field
4903;back
4904;process
4905;heat
4906;hand
4907;experience
4908;job
4909;book
4910;end
4911;point
4912;type
4913;home
4914;economy
4915;value
4916;body
4917;market
4918;guide
4919;interest
4920;state
4921;radio
4922;course
4923;company
4924;price
4925;size
4926;card
4928;mind
4929;trade
4930;line
4931;care
4932;group
4933;risk
4934;word
4935;fat
4936;force
4937;key
4938;light
4939;training
4940;name
4941;school
4942;top
4943;amount
4944;level
4945;order
4946;practice
4947;research
4948;sense
4949;service
4950;piece
4951;web
4952;boss
4953;sport
4954;fun
4955;house
4956;page
4957;term
4958;test
4959;answer
4960;sound
4961;focus
4962;matter
4963;kind
4964;soil
4965;board
4966;oil
4967;picture
4968;access
4969;garden
4970;range
4971;rate
4972;reason
4973;future
4974;site
4975;demand
4976;exercise
4977;image
4978;case
4979;cause
4980;coast
4981;action
4982;age
4983;bad
4984;boat
4985;record
4986;result
4987;section
4988;building
4990;cash
4991;class
4992;nothing
4993;period
4994;plan
4995;store
4996;tax
4997;side
4998;subject
4999;space
5000;rule
5001;stock
5002;weather
5003;chance
5004;figure
5005;man
5006;model
5007;source
5008;beginning
5009;earth
5010;program
5012;design
5013;feature
5014;head
5015;material
5016;purpose
5017;question
5018;rock
5019;salt
5020;act
5021;birth
5022;car
5024;object
5025;scale
5026;sun
5027;note
5028;profit
5029;rent
5030;speed
5031;style
5032;war
5033;bank
5034;craft
5035;half
5036;inside
5037;outside
5038;standard
5039;bus
5040;exchange
5041;eye
5042;fire
5043;position
5044;pressure
5045;stress
5046;advantage
5047;benefit
5048;box
5049;frame
5050;issue
5051;step
5052;cycle
5053;face
5054;item
5055;metal
5056;paint
5057;review
5058;room
5059;screen
5060;structure
5061;view
5062;account
5063;ball
5064;discipline
5065;medium
5066;share
5067;balance
5068;bit
5069;black
5070;bottom
5071;choice
5072;gift
5073;impact
5074;machine
5075;shape
5076;tool
5077;wind
5078;address
5079;average
5080;career
5081;culture
5082;morning
5083;pot
5084;sign
5085;table
5086;task
5087;condition
5088;contact
5089;credit
5090;egg
5091;hope
5092;ice
5093;network
5094;north
5095;square
5096;attempt
5097;date
5098;effect
5099;link
5100;post
5101;star
5102;voice
5103;capital
5104;challenge
5105;friend
5106;self
5107;shot
5108;brush
5109;couple
5110;debate
5111;exit
5112;front
5113;function
5114;lack
5115;living
5116;plant
5117;plastic
5118;spot
5119;summer
5120;taste
5121;theme
5122;track
5123;wing
5124;brain
5125;button
5126;click
5127;desire
5128;foot
5129;gas
5130;influence
5131;notice
5132;rain
5133;wall
5134;base
5135;damage
5136;distance
5137;feeling
5138;pair
5139;savings
5140;staff
5141;sugar
5142;target
5143;text
5144;animal
5145;author
5146;budget
5147;discount
5148;file
5149;ground
5150;lesson
5151;minute
5152;officer
5153;phase
5154;reference
5155;register
5156;sky
5157;stage
5158;stick
5159;title
5160;trouble
5161;bowl
5162;bridge
5163;campaign
5164;character
5165;club
5166;edge
5167;evidence
5168;fan
5169;letter
5170;lock
5171;maximum
5172;novel
5173;option
5174;pack
5175;park
5176;plenty
5177;quarter
5178;skin
5179;sort
5180;weight
5181;baby
5182;background
5183;carry
5184;dish
5185;factor
5186;fruit
5187;glass
5188;joint
5189;master
5190;muscle
5191;red
5192;strength
5193;traffic
5194;trip
5195;vegetable
5196;appeal
5197;chart
5198;gear
5199;ideal
5200;kitchen
5201;land
5202;log
5203;mother
5204;net
5205;party
5206;principle
5207;relative
5208;sale
5209;season
5210;signal
5211;spirit
5212;street
5213;tree
5214;wave
5215;belt
5216;bench
5217;commission
5218;copy
5219;drop
5220;minimum
5221;path
5222;progress
5223;project
5224;sea
5225;south
5226;status
5227;stuff
5228;ticket
5229;tour
5230;angle
5231;blue
5232;breakfast
5233;confidence
5234;daughter
5235;degree
5236;doctor
5237;dot
5238;dream
5239;duty
5240;essay
5241;father
5242;fee
5243;finance
5244;hour
5245;juice
5246;limit
5247;luck
5248;milk
5249;mouth
5250;peace
5251;pipe
5252;seat
5253;stable
5254;storm
5255;substance
5256;team
5257;trick
5258;afternoon
5260;beach
5261;blank
5262;catch
5263;chain
5264;consideration
5265;cream
5266;crew
5267;detail
5268;gold
5269;interview
5270;kid
5271;mark
5272;match
5273;mission
5274;pain
5275;pleasure
5276;score
5277;screw
5278;sex
5279;shop
5280;shower
5281;suit
5282;tone
5283;window
5284;agent
5285;band
5286;block
5287;bone
5288;calendar
5289;cap
5290;coat
5291;contest
5292;corner
5293;court
5294;cup
5295;district
5296;door
5297;east
5298;finger
5299;garage
5300;guarantee
5301;hole
5302;hook
5303;implement
5304;layer
5305;lecture
5306;lie
5307;manner
5308;meeting
5309;nose
5310;parking
5311;partner
5312;profile
5313;respect
5314;rice
5315;routine
5316;schedule
5317;swimming
5318;telephone
5319;tip
5320;winter
5321;airline
5322;bag
5323;battle
5324;bed
5325;bill
5326;bother
5327;cake
5328;code
5329;curve
5330;designer
5331;dimension
5332;dress
5333;ease
5334;emergency
5335;evening
5336;extension
5337;farm
5338;fight
5339;gap
5340;grade
5341;holiday
5342;horror
5344;host
5345;husband
5346;loan
5347;mistake
5348;mountain
5349;nail
5350;noise
5351;occasion
5352;package
5353;patient
5354;pause
5355;phrase
5356;proof
5357;race
5358;relief
5359;sand
5360;sentence
5361;shoulder
5362;smoke
5363;stomach
5364;string
5365;tourist
5366;towel
5367;vacation
5368;west
5369;wheel
5370;wine
5371;arm
5372;aside
5373;associate
5374;bet
5375;blow
5376;border
5377;branch
5378;breast
5379;brother
5380;buddy
5381;bunch
5382;chip
5383;coach
5384;cross
5385;document
5386;draft
5387;dust
5388;expert
5389;floor
5390;god
5391;golf
5392;habit
5393;iron
5394;judge
5395;knife
5396;landscape
5397;league
5398;mail
5399;mess
5400;native
5401;opening
5402;parent
5403;pattern
5404;pin
5405;pool
5406;pound
5407;request
5408;salary
5409;shame
5410;shelter
5411;shoe
5412;silver
5413;tackle
5414;tank
5415;trust
5416;assist
5417;bake
5418;bar
5419;bell
5420;bike
5421;blame
5422;boy
5423;brick
5424;chair
5425;closet
5426;clue
5427;collar
5428;comment
5429;conference
5430;devil
5431;diet
5432;fear
5433;fuel
5434;glove
5435;jacket
5436;lunch
5437;monitor
5438;mortgage
5439;nurse
5440;pace
5441;panic
5442;peak
5443;plane
5444;reward
5445;row
5446;sandwich
5447;shock
5448;spite
5449;spray
5450;surprise
5451;till
5452;transition
5453;weekend
5454;welcome
5455;yard
5456;alarm
5457;bend
5458;bicycle
5459;bite
5460;blind
5461;bottle
5462;cable
5463;candle
5464;clerk
5465;cloud
5466;concert
5467;counter
5468;flower
5469;grandfather
5470;harm
5471;knee
5472;lawyer
5473;leather
5474;load
5475;mirror
5476;neck
5477;pension
5478;plate
5479;purple
5480;ruin
5481;ship
5482;skirt
5483;slice
5484;snow
5485;specialist
5486;stroke
5487;switch
5488;trash
5489;tune
5490;zone
5491;anger
5492;award
5493;bid
5494;bitter
5495;boot
5497;camp
5498;candy
5499;carpet
5501;champion
5502;channel
5503;clock
5504;comfort
5506;crack
5507;engineer
5508;entrance
5509;fault
5510;grass
5511;guy
5512;hell
5513;highlight
5514;incident
5515;island
5516;joke
5517;jury
5518;leg
5519;lip
5520;mate
5521;motor
5522;nerve
5523;passage
5524;pen
5525;pride
5526;priest
5527;prize
5528;promise
5529;resident
5530;resort
5531;ring
5532;roof
5533;rope
5534;sail
5535;scheme
5536;script
5537;sock
5538;station
5539;toe
5540;tower
5541;truck
5542;witness
5544;you
5545;it
5546;can
5547;will
5548;if
5549;many
5550;most
5551;other
5552;use
5553;make
5554;good
5555;look
5556;help
5557;go
5558;great
5559;being
5560;few
5561;might
5562;still
5563;public
5564;read
5565;keep
5566;start
5567;give
5568;human
5569;local
5570;general
5571;she
5572;specific
5573;long
5574;play
5575;feel
5576;high
5577;tonight
5578;put
5579;common
5580;set
5581;change
5582;simple
5583;past
5584;big
5585;possible
5586;particular
5587;today
5588;major
5589;personal
5590;current
5591;national
5592;cut
5593;natural
5594;physical
5595;show
5596;try
5597;check
5598;second
5599;call
5600;move
5601;pay
5602;let
5603;increase
5604;single
5605;individual
5606;turn
5607;ask
5608;buy
5609;guard
5610;hold
5611;main
5612;offer
5613;potential
5614;professional
5615;international
5616;travel
5617;cook
5618;alternative
5619;following
5620;special
5621;working
5622;whole
5623;dance
5624;excuse
5625;cold
5626;commercial
5627;low
5628;purchase
5629;deal
5630;primary
5631;worth
5632;fall
5633;necessary
5634;positive
5635;produce
5636;search
5637;present
5638;spend
5639;talk
5640;creative
5641;tell
5642;cost
5643;drive
5644;green
5645;support
5646;glad
5647;remove
5648;return
5649;run
5650;complex
5651;due
5652;effective
5653;middle
5654;regular
5655;reserve
5656;independent
5657;leave
5658;original
5659;reach
5660;rest
5661;serve
5662;watch
5663;beautiful
5664;charge
5665;active
5666;break
5667;negative
5668;safe
5669;stay
5670;visit
5671;visual
5672;affect
5673;cover
5674;report
5675;rise
5676;walk
5677;white
5678;beyond
5679;junior
5680;pick
5681;unique
5682;anything
5683;classic
5684;final
5685;lift
5686;mix
5687;private
5688;stop
5689;teach
5690;western
5691;concern
5692;familiar
5694;official
5695;broad
5696;comfortable
5697;gain
5698;maybe
5699;rich
5700;save
5701;stand
5702;young
5703;fail
5704;heavy
5705;hello
5706;lead
5707;listen
5708;valuable
5709;worry
5710;handle
5711;leading
5712;meet
5713;release
5714;sell
5715;finish
5716;normal
5717;press
5718;ride
5719;secret
5720;spread
5721;spring
5722;tough
5723;wait
5724;brown
5725;deep
5726;display
5727;flow
5728;hit
5729;objective
5730;shoot
5731;touch
5732;cancel
5733;chemical
5734;cry
5735;dump
5736;extreme
5737;push
5738;conflict
5739;eat
5740;fill
5741;formal
5742;jump
5743;kick
5744;opposite
5745;pass
5746;pitch
5747;remote
5748;total
5749;treat
5750;vast
5751;abuse
5752;beat
5753;burn
5754;deposit
5755;print
5756;raise
5757;sleep
5758;somewhere
5759;advance
5760;anywhere
5761;consist
5762;dark
5763;double
5764;draw
5765;equal
5766;fix
5767;hire
5768;internal
5769;join
5770;kill
5771;sensitive
5772;tap
5773;win
5774;attack
5775;claim
5776;constant
5777;drag
5778;drink
5779;guess
5780;minor
5781;pull
5782;raw
5783;soft
5784;solid
5785;wear
5786;weird
5787;wonder
5788;annual
5789;count
5790;dead
5791;doubt
5792;feed
5793;forever
5794;impress
5795;nobody
5796;repeat
5797;round
5798;sing
5799;slide
5800;strip
5801;whereas
5802;wish
5803;combine
5804;command
5805;dig
5806;divide
5807;equivalent
5808;hang
5809;hunt
5810;initial
5811;march
5812;mention
5813;smell
5814;spiritual
5815;survey
5816;tie
5817;adult
5818;brief
5819;crazy
5820;escape
5821;gather
5822;hate
5823;prior
5824;repair
5825;rough
5826;sad
5827;scratch
5828;sick
5829;strike
5830;employ
5831;external
5832;hurt
5833;illegal
5834;laugh
5835;lay
5836;mobile
5837;nasty
5838;ordinary
5839;respond
5840;royal
5841;senior
5842;split
5843;strain
5844;struggle
5845;swim
5846;train
5847;upper
5848;wash
5849;yellow
5850;convert
5851;crash
5852;dependent
5853;fold
5854;funny
5855;grab
5856;hide
5857;miss
5858;permit
5859;quote
5860;recover
5861;resolve
5862;roll
5863;sink
5864;slip
5865;spare
5866;suspect
5867;sweet
5868;swing
5869;twist
5870;upstairs
5871;usual
5872;abroad
5873;brave
5874;calm
5875;concentrate
5876;estimate
5877;grand
5878;male
5879;mine
5880;prompt
5881;quiet
5882;refuse
5883;regret
5884;reveal
5885;rush
5886;shake
5887;shift
5888;shine
5889;steal
5890;suck
5891;surround
5892;anybody
5894;brilliant
5895;dare
5896;dear
5897;delay
5898;drunk
5899;female
5900;hurry
5901;inevitable
5902;invite
5903;kiss
5904;neat
5905;pop
5906;punch
5907;quit
5908;reply
5909;representative
5910;resist
5911;rip
5912;rub
5913;silly
5914;smile
5915;spell
5916;stretch
5917;stupid
5918;tear
5919;temporary
5920;tomorrow
5921;wake
5922;wrap
5923;yesterday
5924;robot
5925;gadget
5926;neighbor
5927;aardvark
5928;aardwolf
5929;african buffalo
5930;african elephant
5931;african leopard
5932;albatross
5933;alligator
5934;alpaca
5935;american robin
5936;amphibian
5938;anaconda
5939;angelfish
5940;anglerfish
5941;ant
5942;anteater
5943;antelope
5944;antlion
5945;ape
5946;aphid
5947;arabian leopard
5948;arctic fox
5949;arctic wolf
5950;armadillo
5951;arrow crab
5952;asp
5953;baboon
5954;badger
5955;bald eagle
5956;bandicoot
5957;barnacle
5958;barracuda
5959;basilisk
5960;bass
5961;bat
5962;beaked whale
5963;bear
5964;list
5965;beaver
5966;bedbug
5967;bee
5968;beetle
5969;bird
5970;list
5971;bison
5972;blackbird
5973;black panther
5974;black widow spider
5975;blue bird
5976;blue jay
5977;blue whale
5978;boa
5979;boar
5980;bobcat
5981;bobolink
5982;bonobo
5983;booby
5984;box jellyfish
5985;bovid
5986;bug
5987;butterfly
5988;buzzard
5989;camel
5990;canid
5991;cape buffalo
5992;capybara
5993;cardinal
5994;caribou
5995;carp
5996;cat
5997;list
5998;catshark
5999;caterpillar
6000;catfish
6001;cattle
6002;list
6003;centipede
6004;cephalopod
6005;chameleon
6006;cheetah
6007;chickadee
6008;chicken
6009;list
6010;chimpanzee
6011;chinchilla
6012;chipmunk
6013;clam
6014;clownfish
6015;cobra
6016;cockroach
6017;cod
6018;condor
6019;constrictor
6020;coral
6021;cougar
6022;cow
6023;coyote
6024;crab
6025;crane
6026;crane fly
6027;crawdad
6028;crayfish
6029;cricket
6030;crocodile
6031;crow
6032;cuckoo
6033;cicada
6034;damselfly
6035;deer
6036;dingo
6037;dinosaur
6038;list
6039;dog
6040;list
6041;dolphin
6042;donkey
6043;list
6044;dormouse
6045;dove
6046;dragonfly
6047;dragon
6048;duck
6049;list
6050;dung beetle
6051;eagle
6052;earthworm
6053;earwig
6054;echidna
6055;eel
6056;egret
6057;elephant
6058;elephant seal
6059;elk
6060;emu
6061;english pointer
6062;ermine
6063;falcon
6064;ferret
6065;finch
6066;firefly
6067;fish
6068;flamingo
6069;flea
6070;fly
6071;flyingfish
6072;fowl
6073;fox
6074;frog
6075;fruit bat
6076;gamefowl
6077;list
6078;galliform
6079;list
6080;gazelle
6081;gecko
6082;gerbil
6083;giant panda
6084;giant squid
6085;gibbon
6086;gila monster
6087;giraffe
6088;goat
6089;list
6090;goldfish
6091;goose
6092;list
6093;gopher
6094;gorilla
6095;grasshopper
6096;great blue heron
6097;great white shark
6098;grizzly bear
6099;ground shark
6100;ground sloth
6101;grouse
6102;guan
6103;list
6104;guanaco
6105;guineafowl
6106;list
6107;guinea pig
6108;list
6109;gull
6110;guppy
6111;haddock
6112;halibut
6113;hammerhead shark
6114;hamster
6115;hare
6116;harrier
6117;hawk
6118;hedgehog
6119;hermit crab
6120;heron
6121;herring
6122;hippopotamus
6123;hookworm
6124;hornet
6125;horse
6126;list
6127;hoverfly
6128;hummingbird
6129;humpback whale
6130;hyena
6131;iguana
6132;impala
6133;irukandji jellyfish
6134;jackal
6135;jaguar
6136;jay
6137;jellyfish
6138;junglefowl
6139;jacana
6140;kangaroo
6141;kangaroo mouse
6142;kangaroo rat
6143;kingfisher
6144;kite
6145;kiwi
6146;koala
6147;koi
6148;komodo dragon
6149;krill
6150;ladybug
6151;lamprey
6152;landfowl
6153;land snail
6154;lark
6155;leech
6156;lemming
6157;lemur
6158;leopard
6159;leopon
6160;limpet
6161;lion
6162;lizard
6163;llama
6164;lobster
6165;locust
6166;loon
6167;louse
6168;lungfish
6169;lynx
6170;macaw
6171;mackerel
6172;magpie
6173;mammal
6174;manatee
6175;mandrill
6176;manta ray
6177;marlin
6178;marmoset
6179;marmot
6180;marsupial
6181;marten
6182;mastodon
6183;meadowlark
6184;meerkat
6185;mink
6186;minnow
6187;mite
6188;mockingbird
6189;mole
6190;mollusk
6191;mongoose
6192;monitor lizard
6193;monkey
6194;moose
6195;mosquito
6196;moth
6197;mountain goat
6198;mouse
6199;mule
6200;muskox
6201;narwhal
6202;newt
6203;new world quail
6204;nightingale
6215;ocelot
6216;octopus
6217;old world quail
6218;opossum
6219;orangutan
6220;orca
6221;ostrich
6222;otter
6223;owl
6224;ox
6225;panda
6226;panther
6227;panthera hybrid
6228;parakeet
6229;parrot
6230;parrotfish
6231;partridge
6232;peacock
6233;peafowl
6234;pelican
6235;penguin
6236;perch
6237;peregrine falcon
6238;pheasant
6239;pig
6240;pigeon
6241;list
6242;pike
6243;pilot whale
6244;pinniped
6245;piranha
6246;planarian
6247;platypus
6248;polar bear
6249;pony
6250;porcupine
6251;porpoise
6252;possum
6253;prairie dog
6254;prawn
6255;praying mantis
6256;primate
6257;ptarmigan
6258;puffin
6259;puma
6260;python
6261;quail
6262;quelea
6263;quokka
6264;rabbit
6265;list
6266;raccoon
6267;rainbow trout
6268;rat
6269;rattlesnake
6270;raven
6271;red panda
6272;reindeer
6273;reptile
6274;rhinoceros
6275;right whale
6276;roadrunner
6277;rodent
6278;rook
6279;rooster
6280;roundworm
6281;sailfish
6282;salamander
6283;salmon
6284;sawfish
6285;scale insect
6286;scallop
6287;scorpion
6288;seahorse
6289;sea lion
6290;sea slug
6291;sea snail
6292;shark
6293;list
6294;sheep
6295;list
6296;shrew
6297;shrimp
6298;silkworm
6299;silverfish
6300;skink
6301;skunk
6302;sloth
6303;slug
6304;smelt
6305;snail
6306;snake
6307;list
6308;snipe
6309;snow leopard
6310;sockeye salmon
6311;sole
6312;sparrow
6313;sperm whale
6314;spider
6315;spider monkey
6316;spoonbill
6317;squid
6318;squirrel
6319;starfish
6320;steelhead trout
6321;stingray
6322;stoat
6323;stork
6324;sturgeon
6325;sugar glider
6326;swallow
6327;swan
6328;swift
6329;swordfish
6330;swordtail
6331;tahr
6332;takin
6333;tapir
6334;tarantula
6335;tarsier
6336;tasmanian devil
6337;termite
6338;tern
6339;thrush
6340;tick
6341;tiger
6342;tiger shark
6343;tiglon
6344;toad
6345;tortoise
6346;toucan
6347;trapdoor spider
6348;tree frog
6349;trout
6350;tuna
6351;turkey
6352;list
6353;turtle
6354;tyrannosaurus
6355;urial
6356;vampire bat
6357;vampire squid
6358;vicuna
6359;viper
6360;vole
6361;vulture
6362;wallaby
6363;walrus
6364;wasp
6365;warbler
6366;water boa
6367;water buffalo
6368;weasel
6369;whale
6370;whippet
6371;whitefish
6372;whooping crane
6373;wildcat
6374;wildebeest
6375;wildfowl
6376;wolf
6377;wolverine
6378;wombat
6379;woodpecker
6380;worm
6381;wren
6383;xerinae
6384;yak
6385;yellow perch
6386;zebra
6387;zebra finch
